period,calendar_year,calendar_month,year_month,revenue,other_operating_income,operating_costs,non_core_operating_items,ebitda_adjustments,ebitda,ebit,financial_result,ebt,income_tax,net_profit,ebitda_margin,ebit_margin,ebt_margin,net_profit_margin,cash_balance,inventory_balance,receivables_balance,other_current_assets_balance,current_assets,current_liabilities_balance,net_working_capital,operating_working_capital,nwc_change,current_ratio,quick_ratio,cash_ratio,dso_days,dio_days,dpo_days,cash_conversion_cycle_days,operating_cash_flow,investing_cash_flow,financing_cash_flow,net_cash_change,opening_cash,closing_cash,free_cash_flow,ebitda_status,working_capital_status,liquidity_status,cash_flow_status,month,quarter,month_sin,month_cos,revenue_lag_1,revenue_lag_3,revenue_lag_12,ebitda_lag_1,ebitda_lag_12,net_profit_lag_1,net_profit_lag_12,cash_lag_1,cash_lag_12,nwc_lag_1,nwc_lag_12,revenue_rolling_3m,revenue_rolling_6m,revenue_rolling_12m,ebitda_rolling_3m,cash_rolling_3m,revenue_mom_pct,revenue_yoy_pct,ebitda_yoy_pct,net_profit_yoy_pct,ebitda_margin_change_pp,net_margin_change_pp
2021-01-01,2021,1,2021-01,-9271506.6,-107829182.0,-36374666.45,-106594970.0,-9888259.46,-260070325.05,-269958584.51,1103566.16,-268855018.35,-8790799.53,-277645817.88,28.050492360108983,29.117013680387178,28.997985974577205,29.946138190744534,26317810.49,11245957.87,75852037.13,0.0,113415805.49,-105066442.87,218482248.36,192164437.87,,-1.0794674530890016,-0.9724308240492734,-0.25048730851736695,,9.584271912134605,-89.54198201231891,99.12625392445351,-459921996.29,0.0,-96138286.18,-556060282.47,,26317810.49,-459921996.29,NEGATIVE_EBITDA,POSITIVE_NWC,LIQUIDITY_RISK,CASH_OUTFLOW,1,1,0.49999999999999994,0.8660254037844387,,,,,,,,,,,,-9271506.6,-9271506.6,-9271506.6,-260070325.05,26317810.49,,,,,,
2021-02-01,2021,2,2021-02,-5795763.39,-19379880.0,-37466545.05,-197605531.0,-17216887.36,-260247719.44,-277464606.8,-2371168.39,-279835775.19,-2694080.79,-282529855.98,44.90309592158834,47.87369465060236,48.2828156292281,48.747651856781545,44231047.42,21504129.9,67796409.22,0.0,133531586.54,-418669595.63,552201182.17,507970134.75,333718933.81,-0.31894264100803915,-0.2675796327445866,-0.1056466671611121,,12.237617003866227,-195.7027136933727,207.94033069723892,-581118665.5,0.0,-305513825.13,-886632490.63,26317810.49,44231047.42,-581118665.5,NEGATIVE_EBITDA,POSITIVE_NWC,LIQUIDITY_RISK,CASH_OUTFLOW,2,1,0.8660254037844386,0.5000000000000001,-9271506.6,,,-260070325.05,,-277645817.88,,26317810.49,,218482248.36,,-7533634.994999999,-7533634.994999999,-7533634.994999999,-260159022.245,35274428.955,-37.48844022825805,,,,1685.2603561479355,1880.151366603701
2021-03-01,2021,3,2021-03,-7779051.09,-4925402.4,-40960379.51,-174631237.0,-24790754.55,-228296070.0,-253086824.55,1036043.43,-252050781.12,-6758489.39,-258809270.51,29.34754732405286,32.53440832588747,32.401224545756264,33.27003094795204,68369894.73,34126761.2,36597876.88,0.0,139094532.81,-453709780.22,592804313.03,524434418.3,40603130.86,-0.30657159901325964,-0.23135443886420526,-0.15069081097799572,,21.0515337593365,-330.12097269200814,351.17250645134465,-250482799.51,0.0,-27066819.79,-277549619.3,44231047.42,68369894.73,-250482799.51,NEGATIVE_EBITDA,POSITIVE_NWC,LIQUIDITY_RISK,CASH_OUTFLOW,3,1,1.0,6.123233995736766e-17,-5795763.39,,,-260247719.44,,-282529855.98,,44231047.42,,552201182.17,,-7615440.359999999,-7615440.359999999,-7615440.359999999,-249538038.16333333,46306250.879999995,34.219611232266004,,,,-1555.5548597535476,-1547.7620908829508
2021-04-01,2021,4,2021-04,-9210169.6,-10615518.4,-38755979.54,-7660426.0,-7827643.08,-66242093.54,-74069736.62,-2137575.04,-76207311.66,-6980333.55,-83187645.21,7.192277277934165,8.042168585038869,8.274257149401462,9.032151287420374,85663569.92,45793749.05,17633724.45,0.0,149091043.42,-551891033.55,700982076.97,615318507.05,108177763.94,-0.27014579755170587,-0.18716972751948419,-0.15521826721658286,,30.9321985401688,-389.2047726720933,420.13697121226215,-166244090.88,0.0,-90579754.53,-256823845.41,68369894.73,85663569.92,-166244090.88,NEGATIVE_EBITDA,POSITIVE_NWC,LIQUIDITY_RISK,CASH_OUTFLOW,4,2,0.8660254037844387,-0.4999999999999998,-7779051.09,-9271506.6,,-228296070.0,,-258809270.51,,68369894.73,,592804313.03,,-7594994.693333332,-8014122.67,-8014122.67,-184928627.66,66088170.69,18.397083313152528,,,,-2215.5270046118694,-2423.787966053166
2021-05-01,2021,5,2021-05,-7772793.73,-71935509.6,-38654746.5,-9357009.0,-2979393.1,-127720058.83,-130699451.93,-3946341.27,-134645793.2,-4833773.35,-139479566.55,16.431679942444582,16.81499039728152,17.3227024770153,17.944586128879557,103260386.43,58954212.1,58800244.7,0.0,221014843.23,-652485103.64,873499946.87,770239560.44,172517869.9,-0.33872779929692004,-0.2483744536479331,-0.1582570787500653,,42.00243294377833,-482.9375902502685,524.9400231940468,-291421226.84,0.0,-95765684.94,-387186911.78,85663569.92,103260386.43,-291421226.84,NEGATIVE_EBITDA,POSITIVE_NWC,LIQUIDITY_RISK,CASH_OUTFLOW,5,2,0.49999999999999994,-0.8660254037844387,-9210169.6,-5795763.39,,-66242093.54,,-83187645.21,,85663569.92,,700982076.97,,-8254004.806666668,-7965856.881999999,-7965856.881999999,-140752740.79,85764617.02666666,-15.606399582478902,,,,923.9402664510417,891.2434841459183
2021-06-01,2021,6,2021-06,-7836161.75,-3061886.4,-39152295.44,-106878163.0,-5280870.95,-156928506.59,-162209377.54,-4179569.27,-166388946.81,-7116189.76,-173505136.57,20.02619542533052,20.700105831786843,21.233475280165063,22.14159713714434,124641428.4,70091304.78,29837715.53,0.0,224570448.71,-779926547.77,1004496996.48,879855568.08,130997049.61,-0.28793794665933814,-0.19806883657402546,-0.1598117524738454,,49.43982802148573,-548.7845483817691,598.2243764032548,-277840273.26,0.0,-116876558.06,-394716831.32,103260386.43,124641428.4,-277840273.26,NEGATIVE_EBITDA,POSITIVE_NWC,LIQUIDITY_RISK,CASH_OUTFLOW,6,2,1.2246467991473532e-16,-1.0,-7772793.73,-7779051.09,,-127720058.83,,-139479566.55,,103260386.43,,873499946.87,,-8273041.693333332,-7944241.026666666,-7944241.026666666,-116963552.98666668,104521794.91666667,0.8152541055530982,,,,359.45154828859387,419.7011008264784
2021-07-01,2021,7,2021-07,-9782161.68,-43132564.8,-36618568.17,-70849783.0,-2701225.82,-160383077.65,-163084303.47,1070762.08,-162013541.39,-2796112.63,-164809654.02,16.395463793847252,16.67160171799573,16.562141036908315,16.847978944874686,147560992.98,78609572.18,42297000.4,0.0,268467565.56,-866974586.21,1135442151.77,987881158.79,130945155.29,-0.3096602482128252,-0.2189891104074558,-0.1702022127604298,,62.942482682003785,-697.1044705566378,760.0469532386417,-270134018.91,0.0,-81405947.71,-351539966.62,124641428.4,147560992.98,-270134018.91,NEGATIVE_EBITDA,POSITIVE_NWC,LIQUIDITY_RISK,CASH_OUTFLOW,7,3,-0.4999999999999997,-0.8660254037844388,-7836161.75,-9210169.6,,-156928506.59,,-173505136.57,,124641428.4,,1004496996.48,,-8463705.72,-8029350.206666666,-8206801.12,-148343881.02333334,125154269.27,24.83358552418855,,,,-363.07316314832684,-529.3618192269655
2021-08-01,2021,8,2021-08,-8762319.16,-5878580.8,-38545853.55,-4934999.0,-4175730.88,-58121752.51,-62297483.39,-2930348.02,-65227831.41,-4462577.51,-69690408.92,6.633147166714251,7.109702608686991,7.444128685447244,7.953420509736374,171094202.81,93799092.83,17658746.48,0.0,282552042.12,-884339696.28,1166891738.4,995797535.59,31449586.63,-0.3195062296859037,-0.21343941709729264,-0.1934711327894842,,69.3287101345042,-704.2358354675739,773.5645456020782,-73431054.84,0.0,-7055529.22,-80486584.06,147560992.98,171094202.81,-73431054.84,NEGATIVE_EBITDA,POSITIVE_NWC,LIQUIDITY_RISK,CASH_OUTFLOW,8,3,-0.8660254037844385,-0.5000000000000004,-9782161.68,-7772793.73,,-160383077.65,,-164809654.02,,147560992.98,,1135442151.77,,-8793547.530000001,-8523776.168333333,-8276240.875,-125144445.58333333,147765541.39666668,-10.425533265158627,,,,-976.2316627133,-889.4558435138312
2021-09-01,2021,9,2021-09,-7964188.37,-3154130.0,-39605247.12,-113703778.0,-5338084.29,-164427343.49,-169765427.78,-5679883.88,-175445311.66,-9403803.3,-184849114.96,20.645838075525077,21.316099003821027,22.029276997123564,23.210038031785025,188841842.53,105596987.26,-11390099.11,0.0,283048730.68,-905592117.13,1188640847.81,999799005.28,21749109.41,-0.3125565310539995,-0.19595106898940284,-0.20852858473246988,,75.51881174450806,-677.9146490312316,753.4334607757397,-183512500.36,0.0,-12896196.47,-196408696.83,171094202.81,188841842.53,-183512500.36,NEGATIVE_EBITDA,POSITIVE_NWC,LIQUIDITY_RISK,CASH_OUTFLOW,9,3,-1.0,-1.8369701987210297e-16,-8762319.16,-7836161.75,,-58121752.51,,-69690408.92,,171094202.81,,1166891738.4,,-8836223.07,-8554632.381666666,-8241568.374444445,-127644057.88333333,169165679.44000003,-9.108670609071945,,,,1401.2690908810825,1525.661752204865
2021-10-01,2021,10,2021-10,-5918231.21,-3254756.4,-37429779.31,-90021766.0,-2507916.44,-136624532.92,-139132449.36,372127.26,-138760322.1,-6807872.12,-145568194.22,23.08536589262453,23.50912703865113,23.44624891733488,24.59657101162832,213566381.84,114567907.68,-41291991.29,0.0,286842298.23,-996243793.15,1283086091.38,1069519709.54,94445243.57,-0.28792379957825387,-0.1729239285951179,-0.21437160593465726,,91.1722145970088,-787.5669360803399,878.7391506773488,-212780982.04,0.0,-83252510.15,-296033492.19,188841842.53,213566381.84,-212780982.04,NEGATIVE_EBITDA,POSITIVE_NWC,LIQUIDITY_RISK,CASH_OUTFLOW,10,4,-0.8660254037844386,0.5000000000000001,-7964188.37,-9782161.68,,-164427343.49,,-184849114.96,,188841842.53,,1188640847.81,,-7548246.246666667,-8005975.983333333,-8009234.658,-119724542.97333331,191167475.7266667,-25.68946218935302,,,,243.9527817099453,138.65329798432953
2021-11-01,2021,11,2021-11,-9112830.13,-16196880.4,-38195722.4,-28132539.0,-2676471.68,-91637971.93,-94314443.61,-3905442.28,-98219885.89,-13646041.53,-111865927.42,10.055928907126463,10.349632580059955,10.778197825355491,12.275651562046619,231884317.25,125680144.68,-58347869.43,0.0,299216592.5,-1033636692.73,1332853285.23,1100968967.98,49767193.85,-0.28947946082459697,-0.16788921004890264,-0.22433831817401567,,94.3488055458273,-797.1627547539198,891.5115602997471,-140638714.18,0.0,-38697423.87,-179336138.05,213566381.84,231884317.25,-140638714.18,NEGATIVE_EBITDA,POSITIVE_NWC,LIQUIDITY_RISK,CASH_OUTFLOW,11,4,-0.5000000000000004,0.8660254037844384,-5918231.21,-8762319.16,,-136624532.92,,-145568194.22,,213566381.84,,1283086091.38,,-7665083.236666667,-8229315.383333334,-8109561.5190909095,-130896616.11333334,211430847.20666668,53.97894753760391,,,,-1302.9436985498069,-1232.0919449581702
2021-12-01,2021,12,2021-12,-8402233.72,-4199216.8,-44379408.43,-90196451.0,-3439204.74,-147177309.95,-150616514.69,-603082.41,-151219597.1,-4868867.36,-156088464.46,17.51645036958101,17.9257706592337,17.99754709751159,18.57702007127695,252587912.34,140766020.43,-85564398.82,0.0,307789533.95,-1046671652.99,1354461186.94,1101873274.6,21607901.71,-0.2940650327834384,-0.1595758450540513,-0.24132488122558646,,93.05927467958816,-726.5707340267942,819.6300087063823,-153553566.34,0.0,-4606816.06,-158160382.4,231884317.25,252587912.34,-153553566.34,NEGATIVE_EBITDA,POSITIVE_NWC,LIQUIDITY_RISK,CASH_OUTFLOW,12,4,-2.4492935982947064e-16,1.0,-9112830.13,-7964188.37,,-91637971.93,,-111865927.42,,231884317.25,,1332853285.23,,-7811098.353333334,-8323660.711666666,-8133950.869166668,-125146604.93333332,232679537.14333335,-7.797757665433402,,,,746.0521462454545,630.1368509230333
2022-01-01,2022,1,2022-01,-6739553.95,-2581222.8,-34991924.84,-8859600.0,-3175438.11,-53172301.59,-56347739.7,1461477.4,-54886262.3,-6602601.56,-61488863.86,7.889587646968832,8.360752079149096,8.143901318573167,9.123580628062188,271483763.22,151061997.87,-111312961.11,0.0,311232799.98,-1058618959.46,1369851759.44,1098367996.22,15390572.5,-0.29399889091232545,-0.15130165644464075,-0.25645087951049306,,129.26794694298388,-932.558144262835,1061.826091205819,-54808147.37,0.0,1113099.28,-53695048.09,252587912.34,271483763.22,-54808147.37,NEGATIVE_EBITDA,POSITIVE_NWC,LIQUIDITY_RISK,CASH_OUTFLOW,1,1,0.49999999999999994,0.8660254037844387,-8402233.72,-5918231.21,-9271506.6,-147177309.95,-260070325.05,-156088464.46,-277645817.88,252587912.34,26317810.49,1354461186.94,218482248.36,-8084872.600000001,-7816559.423333335,-7922954.815,-97329194.49000001,251985330.9366667,-19.78854463477124,-27.308966700190883,-79.55464485239624,-77.85348818523325,-962.6862722612177,-945.3439443214764
2022-02-01,2022,2,2022-02,-7930526.78,-2571496.0,-38551819.03,-5604666.0,-4058739.57,-54658507.81,-58717247.38,-2676224.25,-61393471.63,-2840250.66,-64233722.29,6.892166097697737,7.403952979274853,7.74141155223487,8.099553040031472,292174107.79,161806657.42,-140390193.57,0.0,313590571.64,-1277602993.81,1591193565.45,1299019457.66,221341806.01,-0.24545228303263975,-0.11880366197903,-0.22868927922491308,,113.61749676847869,-848.3933616810195,962.0108584494982,-260826444.16,0.0,-212394258.58,-473220702.74,271483763.22,292174107.79,-260826444.16,NEGATIVE_EBITDA,POSITIVE_NWC,LIQUIDITY_RISK,CASH_OUTFLOW,2,1,0.8660254037844386,0.5000000000000001,-6739553.95,-9112830.13,-5795763.39,-53172301.59,-260247719.44,-61488863.86,-282529855.98,271483763.22,44231047.42,1369851759.44,552201182.17,-7690771.483333334,-7677927.36,-8100851.764166667,-85002706.45,272081927.78333336,17.67138951384164,36.83317013395195,-78.99750747956065,-77.26480195617025,-99.74215492710954,-102.40275880307159
2022-03-01,2022,3,2022-03,-9632863.55,-6210612.4,-41011832.48,-210633650.0,-6340938.03,-267488958.43,-273829896.46,-1250683.38,-275080579.84,-5278835.86,-280359415.7,27.76837407086494,28.426635033151694,28.556470089312125,29.10447285428433,316370814.37,174940018.21,-166028074.92,0.0,325282757.66,-1300327971.96,1625610729.62,1309239915.25,34417164.17,-0.2501543954097191,-0.11561909202290448,-0.24330078348859208,,127.26994032296408,-974.3024769478674,1101.5724172708315,-284238935.26,0.0,-29866666.0,-314105601.26,292174107.79,316370814.37,-284238935.26,NEGATIVE_EBITDA,POSITIVE_NWC,LIQUIDITY_RISK,CASH_OUTFLOW,3,1,1.0,6.123233995736766e-17,-7930526.78,-8402233.72,-7779051.09,-54658507.81,-228296070.0,-64233722.29,-258809270.51,292174107.79,68369894.73,1591193565.45,592804313.03,-8100981.426666667,-7956039.890000001,-8255336.135833334,-125106589.27666669,293342895.1266667,21.46562034558819,23.830830245903446,17.16757035283174,8.32665118507312,2087.6207973167207,2100.4919814252858
2022-04-01,2022,4,2022-04,-8326267.13,-4278282.4,-39388497.23,-98530357.0,-3531332.14,-150523403.76,-154054735.9,-1587268.92,-155642004.82,-5267693.6,-160909698.42,18.078137706830937,18.502257193374483,18.69289111073716,19.325550802980302,342293746.73,184838100.46,-193563500.44,0.0,333568346.75,-1385536686.21,1719105032.96,1376811286.23,93494303.34,-0.24075028115094055,-0.10734486338058434,-0.24704776866378836,,137.01136523532202,-1022.8359217996498,1159.8472870349717,-224949737.26,0.0,-70696646.59,-295646383.85,316370814.37,342293746.73,-224949737.26,NEGATIVE_EBITDA,POSITIVE_NWC,LIQUIDITY_RISK,CASH_OUTFLOW,4,2,0.8660254037844387,-0.4999999999999998,-9632863.55,-6739553.95,-9210169.6,-267488958.43,-66242093.54,-280359415.7,-83187645.21,316370814.37,85663569.92,1625610729.62,700982076.97,-8629885.820000002,-8357379.210000001,-8181677.596666667,-157556956.66666666,316946222.96333337,-13.563946101987511,-9.597027073203945,127.23225628294355,93.42980320430685,-969.0236364034004,-977.8922051304029
2022-05-01,2022,5,2022-05,-8852259.05,-18507476.8,-39878691.19,-10540319.0,-3232746.72,-77778746.04,-81011492.76,-4697206.19,-85708698.95,-3959590.98,-89668289.93,8.78631608052636,9.151504977703969,9.682127292693723,10.129424525822028,358748160.69,196394238.65,-205990395.05,0.0,349152004.29,-1492064795.56,1841216799.85,1482468639.16,122111766.89,-0.23400592610253007,-0.1023801151897476,-0.24043738700728146,,148.17691052224825,-1118.4625582351014,1266.6394687573497,-192092896.14,0.0,-100527499.94,-292620396.08,342293746.73,358748160.69,-192092896.14,NEGATIVE_EBITDA,POSITIVE_NWC,LIQUIDITY_RISK,CASH_OUTFLOW,5,2,0.49999999999999994,-0.8660254037844387,-8326267.13,-7930526.78,-7772793.73,-150523403.76,-127720058.83,-160909698.42,-139479566.55,342293746.73,103260386.43,1719105032.96,873499946.87,-8937129.910000002,-8313950.696666668,-8271633.04,-165263702.74333334,339137573.93,6.317259725007185,13.88773917714654,-39.10216863936281,-35.71223932800499,-929.1821626304577,-919.6126277158274
2022-06-01,2022,6,2022-06,-8053369.06,-6185940.0,-38844651.89,-167666902.0,-2877514.74,-220750862.95,-223628377.69,705933.18,-222922444.51,-5647822.37,-228570266.88,27.410995485906614,27.76830119468038,27.680644317820448,28.381943653281425,376519759.96,212040484.04,-228640152.19,0.0,359920091.81,-1572215126.12,1932135217.93,1555615457.97,90918418.08,-0.22892547325774104,-0.09405812557912831,-0.23948361372733795,,157.71851573542315,-1183.2825521351326,1341.0010678705557,-298839570.95,0.0,-65339259.84,-364178830.79,358748160.69,376519759.96,-298839570.95,NEGATIVE_EBITDA,POSITIVE_NWC,LIQUIDITY_RISK,CASH_OUTFLOW,6,2,1.2246467991473532e-16,-1.0,-8852259.05,-9632863.55,-7836161.75,-77778746.04,-156928506.59,-89668289.93,-173505136.57,358748160.69,124641428.4,1841216799.85,1004496996.48,-8410631.746666668,-8255806.586666667,-8289733.649166667,-149684337.58333334,359187222.46000004,-9.024701892337884,2.771858429287777,40.66970224010718,31.736887678702352,1862.4679405380257,1825.2519127459398
2022-07-01,2022,7,2022-07,-9304011.06,-107199837.2,-38810811.46,-50021670.0,-2712252.79,-205336329.72,-208048582.51,-506144.77,-208554727.28,-11867281.14,-220422008.42,22.06965666698165,22.361171022726623,22.41557172869483,23.691073344446348,399190791.03,224186108.09,-149981539.01,0.0,473395360.11,-1669025509.04,2142420869.15,1743230078.12,210285651.22,-0.28363578480133017,-0.14931422597809285,-0.23917596757380236,,174.217232870374,-1294.464814186083,1468.682047056457,-405324375.78,0.0,-87394992.26,-492719368.04,376519759.96,399190791.03,-405324375.78,NEGATIVE_EBITDA,POSITIVE_NWC,LIQUIDITY_RISK,CASH_OUTFLOW,7,3,-0.4999999999999997,-0.8660254037844388,-8053369.06,-8326267.13,-9782161.68,-220750862.95,-160383077.65,-228570266.88,-164809654.02,376519759.96,147560992.98,1932135217.93,1135442151.77,-8736546.390000002,-8683216.105,-8249887.764166667,-167955312.90333334,378152903.8933334,15.529426140567315,-4.887985249493432,28.028675299585124,33.74338398480668,-534.1338818924963,-469.0870308835077
2022-08-01,2022,8,2022-08,-9316910.21,-23707656.4,-39285656.12,-282647910.0,-24715702.99,-354958132.73,-379673835.72,-4477804.37,-384151640.09,-8115637.06,-392267277.15,38.098266992958386,40.75104591138911,41.231656357242066,42.10272164359519,418652218.16,235398043.54,-159710481.83,0.0,494339779.87,-1766715383.54,2261055163.41,1842402945.25,118634294.26,-0.27980725388799316,-0.14656675248457604,-0.2369664191869654,,181.32710647636245,-1355.5579591778496,1536.8850656542122,-466724441.29,0.0,-99719921.65,-566444362.94,399190791.03,418652218.16,-466724441.29,NEGATIVE_EBITDA,POSITIVE_NWC,LIQUIDITY_RISK,CASH_OUTFLOW,8,3,-0.8660254037844385,-0.5000000000000004,-9304011.06,-8852259.05,-8762319.16,-205336329.72,-58121752.51,-220422008.42,-69690408.92,399190791.03,171094202.81,2142420869.15,1166891738.4,-8891430.110000001,-8914280.01,-8296103.685,-260348441.79999998,398120923.05,0.13864074232947665,6.329272420613363,510.7147795808954,462.87125191114455,1602.8610325976736,1841.164829914884
2022-09-01,2022,9,2022-09,-8226871.5,-2488691.6,-41230429.69,-13070293.0,-14319047.54,-65016285.79,-79335333.33,-6275670.54,-85611003.87,-2062274.22,-87673278.09,7.902917383600801,9.643438982850284,10.406264868729261,10.65694025851747,437487280.22,241550629.71,-189380197.81,0.0,489657712.12,-1785050737.48,2274708449.6,1837221169.38,13653286.19,-0.27431024891273503,-0.13899161362788987,-0.2450839469345345,,173.51820372818435,-1292.1643605431948,1465.682564271379,-68172454.68,0.0,-2856989.92,-71029444.6,418652218.16,437487280.22,-68172454.68,NEGATIVE_EBITDA,POSITIVE_NWC,LIQUIDITY_RISK,CASH_OUTFLOW,9,3,-1.0,-1.8369701987210297e-16,-9316910.21,-8053369.06,-7964188.37,-354958132.73,-164427343.49,-392267277.15,-184849114.96,418652218.16,188841842.53,2261055163.41,1188640847.81,-8949264.25666667,-8679948.001666667,-8317993.945833333,-208436916.08,418443429.8033333,-11.69957298536637,3.2983038295464118,-60.4589574884459,-52.570355498336106,-3019.5349609357586,-3144.578138507772
2022-10-01,2022,10,2022-10,-6788009.97,-86408.8,-35795411.35,-47468366.0,-10526613.23,-90138196.12,-100664809.35,-724778.03,-101389587.38,-9661041.13,-111050628.51,13.279031191523131,14.829796920584075,14.936570191867293,16.359821066968763,450631168.47,256326545.33,-219107736.42,0.0,487849977.38,-1817673523.57,2305523500.95,1854892332.48,30815051.35,-0.26839251991844976,-0.12737349642155574,-0.24791645068633572,,215.58897976234599,-1560.0386736797482,1775.627653442094,-118195178.38,0.0,-38663997.51,-156859175.89,437487280.22,450631168.47,-118195178.38,NEGATIVE_EBITDA,POSITIVE_NWC,LIQUIDITY_RISK,CASH_OUTFLOW,10,4,-0.8660254037844386,0.5000000000000001,-8226871.5,-9304011.06,-5918231.21,-65016285.79,-136624532.92,-87673278.09,-145568194.22,437487280.22,213566381.84,2274708449.6,1283086091.38,-8110597.2266666675,-8423571.808333334,-8390475.509166667,-170037538.21333334,435590222.2833333,-17.489777614734837,14.696599864674775,-34.02488250570628,-23.712299170128425,537.611380792233,570.2880808451293
2022-11-01,2022,11,2022-11,-9281059.91,-52954004.8,-42880086.98,-62656869.0,-12643461.55,-167772020.69,-180415482.24,-4517455.89,-184932938.13,-12387747.71,-197320685.84,18.07681690635698,19.439103290951603,19.92584251403674,21.260576674803513,473749027.81,271216415.38,-195790062.02,0.0,549175381.17,-1955182628.9,2504358010.07,2030608982.26,198834509.12,-0.2808818844094222,-0.14216521857417572,-0.2423042332759138,,184.54123972138453,-1319.7930851550245,1504.334324876409,-360393874.07,0.0,-127284197.92,-487678071.99,450631168.47,473749027.81,-360393874.07,NEGATIVE_EBITDA,POSITIVE_NWC,LIQUIDITY_RISK,CASH_OUTFLOW,11,4,-0.5000000000000004,0.8660254037844384,-6788009.97,-9316910.21,-9112830.13,-90138196.12,-91637971.93,-111050628.51,-111865927.42,450631168.47,231884317.25,2305523500.95,1332853285.23,-8098647.126666668,-8495038.618333332,-8404494.6575,-107642167.53333335,453955825.5,36.727258077377286,1.8460761102763845,83.08133315974835,76.39033653130195,479.778571483385,490.075560783475
2022-12-01,2022,12,2022-12,-8903025.09,-16948272.8,-38676518.46,-19882172.0,-6384711.43,-84409988.35,-90794699.78,-4599269.86,-95393969.64,-10337784.76,-105731754.4,9.481045767781836,10.198185320401024,10.71478162486005,11.875935800603253,493126069.57,281786608.87,-211031209.33,0.0,563881469.11,-2082958847.61,2646840316.72,2153714247.15,142482306.65,-0.2707117664648061,-0.1354298768617908,-0.23674306870527756,,221.6214700074377,-1618.3254175434124,1839.94688755085,-222452307.86,0.0,-111056099.11,-333508406.97,473749027.81,493126069.57,-222452307.86,NEGATIVE_EBITDA,POSITIVE_NWC,LIQUIDITY_RISK,CASH_OUTFLOW,12,4,-2.4492935982947064e-16,1.0,-9281059.91,-8226871.5,-8402233.72,-167772020.69,-147177309.95,-197320685.84,-156088464.46,473749027.81,252587912.34,2504358010.07,1354461186.94,-8324031.656666667,-8636647.956666667,-8446227.271666666,-114106735.05333333,472502088.6166666,-4.073185860945494,5.960217088557718,-42.64741733717222,-32.2616474152737,-859.5771138575145,-938.464087420026
2023-01-01,2023,1,2023-01,-8469215.64,-10269110.8,-41138510.56,-73986569.0,-2661064.34,-133863406.0,-136524470.34,2393311.92,-134131158.42,-8860448.16,-142991606.58,15.805879988196876,16.120084331681984,15.837494771829897,16.883689429827765,517000520.86,293304164.24,-232217652.42,0.0,578087032.68,-2152521071.14,2730608103.82,2213607582.96,83767787.1,-0.26856277526418754,-0.1323020119330008,-0.24018372121495218,,216.68035283397484,-1595.8268261772723,1812.5071790112472,-200223878.05,0.0,-62012807.41,-262236685.46,493126069.57,517000520.86,-200223878.05,NEGATIVE_EBITDA,POSITIVE_NWC,LIQUIDITY_RISK,CASH_OUTFLOW,1,1,0.49999999999999994,0.8660254037844387,-8903025.09,-6788009.97,-6739553.95,-84409988.35,-53172301.59,-105731754.4,-61488863.86,493126069.57,271483763.22,2646840316.72,1369851759.44,-8884433.546666669,-8497515.386666667,-8590365.745833335,-128681805.01333332,494625206.08,-4.872607294876207,25.66433480364083,151.75401853429528,132.54878624130754,632.483422041504,500.77536292245117
2023-02-01,2023,2,2023-02,-8573483.27,-74932982.4,-34854876.07,-90894807.0,-1779069.28,-209256148.74,-211035218.02,-1683643.23,-212718861.25,-10756005.02,-223474866.27,24.407366545196513,24.61487488503608,24.811252853824023,26.065819367954514,535143377.21,302757953.69,-185119353.54,0.0,652781977.36,-2184299424.67,2837081402.03,2301938024.82,106473298.21,-0.2988518744213015,-0.16024544058234186,-0.24499543018963552,,239.41756769585896,-1741.9510205517136,1981.3685882475725,-310026238.85,0.0,-25958100.82,-335984339.67,517000520.86,535143377.21,-310026238.85,NEGATIVE_EBITDA,POSITIVE_NWC,LIQUIDITY_RISK,CASH_OUTFLOW,2,1,0.8660254037844386,0.5000000000000001,-8469215.64,-9281059.91,-7930526.78,-133863406.0,-54658507.81,-142991606.58,-64233722.29,517000520.86,292174107.79,2730608103.82,1591193565.45,-8648574.666666668,-8373610.896666666,-8643945.453333335,-142509847.6966667,515089989.21333337,1.2311367950952112,8.107361690291137,282.84277621958006,247.90894611566193,860.1486556999637,918.212993812675
2023-03-01,2023,3,2023-03,-8775260.06,-17074178.8,-40421140.8,-9575526.0,-2178112.05,-75846105.66,-78024217.71,-2644670.46,-80668888.17,-7039300.09,-87708188.26,8.643174691280887,8.891385232633208,9.19276324786208,9.994938914665054,555873472.94,308656542.54,-200861400.18,0.0,663668615.3,-2208043244.54,2871711859.84,2315838386.9,34630457.81,-0.30056866727637915,-0.16078130427828619,-0.2517493596715334,,234.4546567464766,-1684.2996022703792,1918.754259016856,-99430438.29,0.0,-28607984.26,-128038422.55,535143377.21,555873472.94,-99430438.29,NEGATIVE_EBITDA,POSITIVE_NWC,LIQUIDITY_RISK,CASH_OUTFLOW,3,1,1.0,6.123233995736766e-17,-8573483.27,-8903025.09,-9632863.55,-209256148.74,-267488958.43,-223474866.27,-280359415.7,535143377.21,316370814.37,2837081402.03,1625610729.62,-8605986.323333336,-8465008.99,-8572478.495833334,-139655220.13333333,536005790.33666676,2.353498381527741,-8.902892536041374,-71.64514524069658,-68.71580430391087,-1576.4191853915627,-1607.0880453289462
2023-04-01,2023,4,2023-04,-7227365.94,-64922001.6,-34779742.04,-93979015.0,-3963352.68,-200908124.58,-204871477.26,-1960584.78,-206832062.04,-19074621.75,-225906683.79,27.79824990845835,28.346631256919586,28.61790363973185,31.257125440364792,579833232.97,326431685.07,-164739710.23,0.0,741525207.81,-2351265825.65,3092791033.46,2512957800.49,221079173.62,-0.31537276632896566,-0.17654044821803536,-0.24660471251042274,,273.90437235543106,-1966.3640970710892,2240.2684694265204,-419062744.7,0.0,-122913788.04,-541976532.74,555873472.94,579833232.97,-419062744.7,NEGATIVE_EBITDA,POSITIVE_NWC,LIQUIDITY_RISK,CASH_OUTFLOW,4,2,0.8660254037844387,-0.4999999999999998,-8775260.06,-8469215.64,-8326267.13,-75846105.66,-150523403.76,-87708188.26,-160909698.42,555873472.94,342293746.73,2871711859.84,1719105032.96,-8192036.423333335,-8538234.985000001,-8480903.396666666,-162003459.66,556950027.7066666,-17.639296264913206,-13.198005454816574,33.47301453555704,40.39345422197456,1915.5075217177462,2126.218652569974
2023-05-01,2023,5,2023-05,-8179706.8,-1695004.8,-42840833.34,-48451730.0,-1724311.51,-101167274.94,-102891586.45,-1797746.23,-104689332.68,-7561482.48,-112250815.16,12.368080838789968,12.578884422849972,12.798665678334583,13.723085424039894,601941028.24,329742732.95,-195999949.47,0.0,735683811.72,-2517681124.75,3253364936.47,2651423908.23,160573903.01,-0.29220690598498716,-0.1612360972878601,-0.23908549113810884,,237.40676094210636,-1761.6062024810276,1999.0129634231341,-248992611.39,0.0,-156797307.1,-405789918.49,579833232.97,601941028.24,-248992611.39,NEGATIVE_EBITDA,POSITIVE_NWC,LIQUIDITY_RISK,CASH_OUTFLOW,5,2,0.49999999999999994,-0.8660254037844387,-7227365.94,-8573483.27,-8852259.05,-200908124.58,-77778746.04,-225906683.79,-89668289.93,579833232.97,358748160.69,3092791033.46,1841216799.85,-8060777.6000000015,-8354676.133333333,-8424857.375833334,-125973835.05999999,579215911.3833333,13.176873399051935,-7.59752110959745,30.070591377201872,25.184516452392636,-1543.0169069668382,-1753.4040016324898
2023-06-01,2023,6,2023-06,-7195597.64,-76039996.0,-41327239.89,-40263082.0,-14081121.19,-164825915.53,-178907036.72,-2164692.55,-181071729.27,-10306209.58,-191377938.85,22.90649418941107,24.86340199533447,25.164237681027423,26.59653143835319,619067536.61,342927196.89,-150663425.02,0.0,811331308.48,-2593954106.1,3405285414.58,2786217877.97,151920478.11,-0.3127778192266607,-0.1805753272536667,-0.2386578602736984,,244.15008053904663,-1855.3024268456657,2099.452507384712,-312090787.4,0.0,-69703416.05,-381794203.45,601941028.24,619067536.61,-312090787.4,NEGATIVE_EBITDA,POSITIVE_NWC,LIQUIDITY_RISK,CASH_OUTFLOW,6,2,1.2246467991473532e-16,-1.0,-8179706.8,-8775260.06,-8053369.06,-101167274.94,-220750862.95,-112250815.16,-228570266.88,601941028.24,376519759.96,3253364936.47,1932135217.93,-7534223.460000001,-8070104.891666667,-8353376.424166667,-155633771.68333334,600280599.2733334,-12.031105564810707,-10.6510879311422,-25.333965481560526,-16.2717262125463,1053.8413350621101,1287.3446014313295
2023-07-01,2023,7,2023-07,-7452532.17,-48182800.8,-40634094.52,-44935730.0,-15349282.7,-141205157.49,-156554440.19,-515608.12,-157070048.31,-10081152.29,-167151200.6,18.947272453035247,21.00687881901488,21.076064447233374,22.428779478854636,640570968.44,362374099.36,-130460287.18,0.0,872484780.62,-2617948054.96,3490432835.58,2849861867.14,85147421.0,-0.33327047072877497,-0.19485133797576212,-0.24468436920525047,,269.0393429708201,-1988.0960668797006,2257.135409850521,-215445907.07,0.0,-16289565.11,-231735472.18,619067536.61,640570968.44,-215445907.07,NEGATIVE_EBITDA,POSITIVE_NWC,LIQUIDITY_RISK,CASH_OUTFLOW,7,3,-0.4999999999999997,-0.8660254037844388,-7195597.64,-7227365.94,-9304011.06,-164825915.53,-205336329.72,-191377938.85,-220422008.42,619067536.61,399190791.03,3405285414.58,2142420869.15,-7609278.870000001,-7900657.646666667,-8199086.516666667,-135732782.65333334,620526511.0966667,3.5707184149890825,-19.899792445001673,-31.232257982525702,-24.16764469294549,-395.9221736375824,-416.7751959498553
2023-08-01,2023,8,2023-08,-8523660.96,-76331602.0,-41135827.75,-9254684.0,-4052177.73,-135245774.71,-139297952.44,4428256.45,-134869695.99,-9559509.82,-144429205.81,15.8670992833577,16.342502721975933,15.822977547197043,16.944503833244912,663959920.33,374237966.58,-82971903.0,0.0,955225983.91,-2789569103.56,3744795087.47,3080835167.14,254362251.89,-0.34242779026013626,-0.208271598860395,-0.2380152258937288,,277.55578644141906,-2037.5551080787477,2315.1108945201668,-371350328.08,0.0,-163585856.54,-534936184.62,640570968.44,663959920.33,-371350328.08,NEGATIVE_EBITDA,POSITIVE_NWC,LIQUIDITY_RISK,CASH_OUTFLOW,8,3,-0.8660254037844385,-0.5000000000000004,-7452532.17,-8179706.8,-9316910.21,-141205157.49,-354958132.73,-167151200.6,-392267277.15,640570968.44,418652218.16,3490432835.58,2261055163.41,-7723930.256666668,-7892353.928333332,-8132982.412500001,-147092282.57666668,641199475.1266667,14.372682540194948,-8.514080656788902,-61.898105089234534,-63.18091917853974,-308.0173169677547,-548.4275645609724
2023-09-01,2023,9,2023-09,-7926100.53,-7834103.6,-39268819.83,-75245022.0,-31798878.26,-130274045.96,-162072924.22,-4534237.66,-166607161.88,-6565773.75,-173172935.63,16.436082972568606,20.44800259680784,21.020066708641657,21.848440475180297,682489123.93,377223999.72,-105729885.55,0.0,953983238.1,-2950034388.6,3904017626.7,3221528502.77,159222539.23,-0.32338037881406956,-0.19550932714845845,-0.23134954852302225,,287.0452828299322,-2192.427802900946,2479.473085730878,-282067393.0,0.0,-169730345.37,-451797738.37,663959920.33,682489123.93,-282067393.0,NEGATIVE_EBITDA,POSITIVE_NWC,LIQUIDITY_RISK,CASH_OUTFLOW,9,3,-1.0,-1.8369701987210297e-16,-8523660.96,-7195597.64,-8226871.5,-135245774.71,-65016285.79,-144429205.81,-87673278.09,663959920.33,437487280.22,3744795087.47,2274708449.6,-7967431.220000002,-7750827.34,-8107918.164999999,-135574992.72,662340004.2333333,-7.0106076814205,-3.6559580394564306,100.37140599015446,97.52077189612017,56.898368921090636,490.3936641935385
2023-10-01,2023,10,2023-10,-8132192.73,-11252625.2,-39860451.81,-7997304.0,-17059516.52,-67242573.74,-84302090.26,33045.55,-84269044.71,-8627478.93,-92896523.64,8.268689143573704,10.366464871031162,10.36240132370793,11.42330570908641,709424462.26,389825296.8,-125812296.01,0.0,973437463.05,-3070372933.57,4043810396.62,3334385934.36,139792769.92,-0.31704209361895325,-0.1900785926911554,-0.23105481894511568,,298.27218599356866,-2341.0751573624725,2639.347343356041,-188694438.71,0.0,-112397811.48,-301092250.19,682489123.93,709424462.26,-188694438.71,NEGATIVE_EBITDA,POSITIVE_NWC,LIQUIDITY_RISK,CASH_OUTFLOW,10,4,-0.8660254037844386,0.5000000000000001,-7926100.53,-7452532.17,-6788009.97,-130274045.96,-90138196.12,-173172935.63,-111050628.51,682489123.93,450631168.47,3904017626.7,2305523500.95,-8193984.740000002,-7901631.805,-8219933.395,-110920798.13666666,685291168.84,2.6001714111491436,19.80230974822803,-25.4005775193452,-16.34759308756658,-816.7393828994901,-1042.5134766093886
2023-11-01,2023,11,2023-11,-7618366.85,-4011890.8,-40416745.69,-226674054.0,-2888723.93,-278721057.34,-281609781.27,-1941707.62,-283551488.89,-11143758.81,-294695247.7,36.585407716353274,36.96458661215559,37.21945851032364,38.68220755213435,726995591.92,410167861.8,-153881379.96,0.0,983282073.76,-3151620882.09,4134902955.85,3407907363.93,91092559.23,-0.31199249863706185,-0.18184744720308454,-0.2306735546941459,,296.90409690676904,-2309.189066105139,2606.093163011908,-365327953.34,0.0,-79850543.42,-445178496.76,709424462.26,726995591.92,-365327953.34,NEGATIVE_EBITDA,POSITIVE_NWC,LIQUIDITY_RISK,CASH_OUTFLOW,11,4,-0.5000000000000004,0.8660254037844384,-8132192.73,-8523660.96,-9281059.91,-67242573.74,-167772020.69,-92896523.64,-197320685.84,709424462.26,473749027.81,4043810396.62,2504358010.07,-7892220.036666669,-7808075.146666667,-8081375.64,-158745892.34666666,706303059.37,-6.31841739441904,-17.91490493675738,66.13083408884104,49.34837999648825,2831.6718572779573,2725.8901843047943
2023-12-01,2023,12,2023-12,-7494819.48,-40297060.0,-37804474.36,-109333.0,-10636568.39,-85705686.84,-96342255.23,-540431.62,-96882686.85,-9022270.07,-105904956.92,11.435323701752454,12.854513105631199,12.926620462111517,14.130421313362973,750819432.44,422950072.04,-143362354.66,0.0,1030407149.82,-3177533532.52,4207940682.34,3457121249.9,73037726.49,-0.32427892240143164,-0.19117251527421183,-0.23629001071297875,,341.58200036192756,-2594.9810197666507,2936.563020128578,-144482274.5,0.0,-866569.85,-145348844.35,726995591.92,750819432.44,-144482274.5,NEGATIVE_EBITDA,POSITIVE_NWC,LIQUIDITY_RISK,CASH_OUTFLOW,12,4,-2.4492935982947064e-16,1.0,-7618366.85,-7926100.53,-8903025.09,-278721057.34,-84409988.35,-294695247.7,-105731754.4,726995591.92,493126069.57,4134902955.85,2646840316.72,-7748459.686666668,-7857945.453333333,-7964025.1725,-143889772.64,729079828.8733335,-1.6217041320345293,-15.817158727113046,1.5350061234785217,0.16381315242792738,-2515.008401460082,-2455.178623877138
2024-01-01,2024,1,2024-01,-7546906.21,-51858404.4,-40459915.75,-103982604.0,-5268467.62,-203847830.36,-209116297.98,-2083083.94,-211199381.92,-8886679.01,-220086060.93,27.010780932972533,27.708877275155643,27.984895537743803,29.162421634228842,772587404.22,435256459.85,-125049852.24,0.0,1082794011.83,-3194225460.43,4277019472.26,3504432068.04,69078789.92,-0.3389848416286296,-0.20272130442940925,-0.2418700288350954,,328.7748132370987,-2440.9903619417446,2769.7651751788435,-262128411.45,0.0,-9249156.13,-271377567.58,750819432.44,772587404.22,-262128411.45,NEGATIVE_EBITDA,POSITIVE_NWC,LIQUIDITY_RISK,CASH_OUTFLOW,1,1,0.49999999999999994,0.8660254037844387,-7494819.48,-8132192.73,-8469215.64,-85705686.84,-133863406.0,-105904956.92,-142991606.58,750819432.44,517000520.86,4207940682.34,2730608103.82,-7553364.1800000025,-7873674.46,-7887166.053333335,-189424858.17999998,750134142.86,0.6949697739751182,-10.89013988076941,52.28047488945562,53.91537041502341,1557.545723122008,1503.2000320865868
2024-02-01,2024,2,2024-02,-8537780.29,-4074010.8,-37995588.27,-21451180.0,-7614957.51,-72058559.36,-79673516.87,-3771988.97,-83445505.84,-6131870.25,-89577376.09,8.439964125617012,9.331877158202206,9.773676881535213,10.491881150293692,789816811.79,447050349.4,-152862271.99,0.0,1084004889.2,-3260338992.37,4344343881.57,3554527069.78,67324409.31,-0.3324822638801792,-0.19536451310450578,-0.24224990519033965,,336.70879480042856,-2463.2118839832874,2799.920678783716,-132057420.32,0.0,-98200379.25,-230257799.57,772587404.22,789816811.79,-132057420.32,NEGATIVE_EBITDA,POSITIVE_NWC,LIQUIDITY_RISK,CASH_OUTFLOW,2,1,0.8660254037844386,0.5000000000000001,-7546906.21,-7618366.85,-8573483.27,-203847830.36,-209256148.74,-220086060.93,-223474866.27,772587404.22,535143377.21,4277019472.26,2837081402.03,-7859835.326666668,-7876027.681666666,-7884190.805,-120537358.85333334,771074549.4833335,13.129540137746055,-0.41643494103418277,-65.56442436989869,-59.91612945780956,-1857.081680735552,-1867.054048393515
2024-03-01,2024,3,2024-03,-9478969.42,-90505149.2,-39413517.6,-6809095.0,-4944885.48,-146206731.22,-151151616.7,-7598100.54,-158749717.24,-6045189.66,-164794906.9,15.424327766214061,15.945996869773634,16.747571408453812,17.385318972787655,805796769.73,460583540.03,-89856735.2,0.0,1176523574.56,-3329197137.24,4505720711.8,3699923942.07,161376830.23,-0.35339558640116214,-0.21504885562995973,-0.2420393676050162,,356.94163177571846,-2591.4411153435085,2948.382747119227,-305246893.71,0.0,-40777468.64,-346024362.35,789816811.79,805796769.73,-305246893.71,NEGATIVE_EBITDA,POSITIVE_NWC,LIQUIDITY_RISK,CASH_OUTFLOW,3,1,1.0,6.123233995736766e-17,-8537780.29,-7494819.48,-8775260.06,-72058559.36,-75846105.66,-89577376.09,-87708188.26,789816811.79,555873472.94,4344343881.57,2871711859.84,-8521218.640000002,-8134839.163333334,-7942833.251666666,-140704373.64666668,789400328.58,11.02381530129537,8.019242224030453,92.76761799137046,87.88999085408766,698.4363640597049,689.3437822493963
2024-04-01,2024,4,2024-04,-8490091.82,-12680596.0,-38091389.2,-174766236.0,-18560839.09,-234028313.02,-252589152.11,-5945494.11,-258534646.22,-6359345.58,-264893991.8,27.5648742065077,29.751050691227977,30.451336887897167,31.20036831356672,821567057.22,474471060.8,-105215489.0,0.0,1190822629.02,-3343600582.83,4534423211.85,3712856154.63,28702500.05,-0.3561497850954722,-0.21424555669077108,-0.24571327730916695,,368.2149511220767,-2627.679585943009,2995.8945370650854,-259265365.27,0.0,9322490.6,-249942874.67,805796769.73,821567057.22,-259265365.27,NEGATIVE_EBITDA,POSITIVE_NWC,LIQUIDITY_RISK,CASH_OUTFLOW,4,2,0.8660254037844387,-0.4999999999999998,-9478969.42,-7546906.21,-7227365.94,-146206731.22,-200908124.58,-164794906.9,-225906683.79,805796769.73,579833232.97,4505720711.8,3092791033.46,-8835613.843333336,-8194489.011666667,-8048060.408333332,-150764534.53333333,805726879.58,-10.432332421217993,17.471453507168057,16.48524095739683,17.25814719419374,1214.0546440293638,1381.5049340779065
2024-05-01,2024,5,2024-05,-9772195.34,-5895586.0,-39931802.81,-92288640.0,-13708353.2,-147888224.15,-161596577.35,-3682364.94,-165278942.29,-5207320.42,-170486262.71,15.133572242938811,16.53636380850324,16.91318445236892,17.44605554620442,840383328.3,486390457.6,-132666780.94,0.0,1194107004.96,-3349568597.22,4543675602.18,3703292273.88,9252390.33,-0.35649576066334576,-0.21128587960472722,-0.25089300425060185,,372.96972556095824,-2598.032520204539,2971.0022457654973,-147214028.76,0.0,2611468.68,-144602560.08,821567057.22,840383328.3,-147214028.76,NEGATIVE_EBITDA,POSITIVE_NWC,LIQUIDITY_RISK,CASH_OUTFLOW,5,2,0.49999999999999994,-0.8660254037844387,-8490091.82,-8537780.29,-8179706.8,-234028313.02,-101167274.94,-264893991.8,-112250815.16,821567057.22,601941028.24,4534423211.85,3253364936.47,-9247085.52666667,-8553460.426666666,-8180767.786666666,-176041089.46333334,822582385.0833334,15.101173782122878,19.468772890490406,46.181879701424336,51.87975469665178,-1243.1301963568887,-1375.43127673623
2024-06-01,2024,6,2024-06,-8182499.02,-6980718.8,-34376774.98,-162633471.0,-1600298.82,-212173463.8,-213773762.62,-4256241.57,-218030004.19,-7774333.6,-225804337.79,25.930154501870017,26.125730305312032,26.6458943236146,27.596011589867565,856458586.94,496999276.3,-152169294.95,0.0,1201288568.29,-3378875355.84,4580163924.13,3723705337.19,36488321.95,-0.35552911598639175,-0.2084389679461589,-0.25347445429133963,,429.0933636759663,-2935.8966731061287,3364.990036782095,-244617102.28,0.0,-40579880.82,-285196983.1,840383328.3,856458586.94,-244617102.28,NEGATIVE_EBITDA,POSITIVE_NWC,LIQUIDITY_RISK,CASH_OUTFLOW,6,2,1.2246467991473532e-16,-1.0,-9772195.34,-9478969.42,-7195597.64,-147888224.15,-164825915.53,-170486262.71,-191377938.85,840383328.3,619067536.61,4543675602.18,3405285414.58,-8814928.726666668,-8668073.683333334,-8263009.568333332,-198030000.32333335,839469657.4866667,-16.2675454664008,13.715349709298085,28.725791158358383,17.98869772914791,1079.6582258931205,1014.9956043663145
2024-07-01,2024,7,2024-07,-9812672.83,-64313079.6,-39445524.07,-37722294.0,-3377569.44,-151293570.5,-154671139.94,-2607999.55,-157279139.49,-9832462.96,-167111602.45,15.41818148032558,15.762386316104253,16.028165028508344,17.0301818215211,881626342.32,509064201.13,-118009944.84,0.0,1272680598.61,-3411824816.18,4684505414.79,3802879072.47,104341490.66,-0.3730204999314526,-0.22381465597491373,-0.25840316833942845,,395.3296164221808,-2668.385200803088,3063.714817225269,-242907768.29,0.0,-4599843.28,-247507611.57,856458586.94,881626342.32,-242907768.29,NEGATIVE_EBITDA,POSITIVE_NWC,LIQUIDITY_RISK,CASH_OUTFLOW,7,3,-0.4999999999999997,-0.8660254037844388,-8182499.02,-8490091.82,-7452532.17,-212173463.8,-141205157.49,-225804337.79,-167151200.6,856458586.94,640570968.44,4580163924.13,3490432835.58,-9255789.063333334,-9045701.453333333,-8459687.956666665,-170451752.8166667,859489419.1866668,19.922688728901306,31.668976478903275,7.1445074594491675,-0.02369001829353179,-1051.1973021544436,-1056.5829768346464
2024-08-01,2024,8,2024-08,-10107090.96,-2312929.6,-36831227.35,-33024879.0,-14076984.09,-82276126.91,-96353111.0,-6878536.79,-103231647.79,-9508255.81,-112739903.6,8.14043598060188,9.533218943148801,10.213784381534843,11.15453536988847,897249291.87,510110495.04,-143885518.29,0.0,1263474268.62,-3437790490.54,4701264759.16,3804015467.29,16759344.37,-0.36752509267123384,-0.2191418516204178,-0.2609959200070573,,428.90799268015707,-2882.5821155851327,3311.4901082652896,-99799314.33,0.0,-20127240.01,-119926554.34,881626342.32,897249291.87,-99799314.33,NEGATIVE_EBITDA,POSITIVE_NWC,LIQUIDITY_RISK,CASH_OUTFLOW,8,3,-0.8660254037844385,-0.5000000000000004,-9812672.83,-9772195.34,-8523660.96,-151293570.5,-135245774.71,-167111602.45,-144429205.81,881626342.32,663959920.33,4684505414.79,3744795087.47,-9367420.936666667,-9307253.231666667,-8591640.456666667,-148581053.73666668,878444740.3766667,3.000386694845103,18.57687685409768,-39.16547331225681,-21.94106242728221,-727.77454997237,-587.5646451632631
2024-09-01,2024,9,2024-09,-7948529.02,-2935322.8,-40791526.84,-13690576.0,-5674588.92,-65365954.66,-71040543.58,1060894.65,-69979648.93,-6141401.56,-76121050.49,8.223654275593248,8.937571140678807,8.804100576838556,9.576746879638366,916408030.47,533534705.03,-169679890.21,0.0,1280262845.29,-3525220558.58,4805483403.87,3889075373.4,104218644.71,-0.363172409786951,-0.21182451646679118,-0.259957643852826,,383.77278846299737,-2560.462278023423,2944.2350664864202,-155506367.68,0.0,-81026881.64,-236533249.32,897249291.87,916408030.47,-155506367.68,NEGATIVE_EBITDA,POSITIVE_NWC,LIQUIDITY_RISK,CASH_OUTFLOW,9,3,-1.0,-1.8369701987210297e-16,-10107090.96,-8182499.02,-7926100.53,-82276126.91,-130274045.96,-112739903.6,-173172935.63,897249291.87,682489123.93,4701264759.16,3904017626.7,-9289430.93666667,-9052179.831666665,-8593509.4975,-99645217.35666668,898427888.2200001,-21.356906240804243,0.28297004201636167,-49.82426915636727,-56.04333309181773,8.32182949913669,-157.77884902501035
2024-10-01,2024,10,2024-10,-8774035.38,-33973876.8,-43340234.45,-79348836.0,-1797999.1,-165436982.63,-167234981.73,-7032300.15,-174267281.88,-4938496.95,-179205778.83,18.85529012193247,19.060212831054255,19.861702663888735,20.424556212582768,932357750.04,547381972.82,-167132112.47,0.0,1312607610.39,-3567951636.3,4880559246.69,3948201496.65,75075842.82,-0.3678882855461535,-0.21447197596084747,-0.26131457067811154,,386.5740164835449,-2536.769134174354,2923.3431506578986,-236533902.98,0.0,-54420841.48,-290954744.46,916408030.47,932357750.04,-236533902.98,NEGATIVE_EBITDA,POSITIVE_NWC,LIQUIDITY_RISK,CASH_OUTFLOW,10,4,-0.8660254037844386,0.5000000000000001,-7948529.02,-9812672.83,-8132192.73,-65365954.66,-67242573.74,-76121050.49,-92896523.64,916408030.47,709424462.26,4805483403.87,4043810396.62,-8943218.453333335,-9099503.758333333,-8646996.385,-104359688.06666668,915338357.46,10.385649444354694,7.89261483722854,146.0301166782793,92.90902587966853,1063.1635846339223,1084.7809332944403
2024-11-01,2024,11,2024-11,-6764438.44,-41602855.6,-38867690.89,-8120169.0,-23068457.69,-95355153.93,-118423611.62,-2125912.54,-120549524.16,-3109693.02,-123659217.18,14.096536582569595,17.50679123927396,17.821068996231414,18.28078092170501,951113130.18,559361390.37,-155005440.45,0.0,1355469080.1,-3584767046.25,4940236126.35,3989122996.17,59676879.66,-0.37811915324259265,-0.2220807320137588,-0.26532076363928664,,427.1195449926045,-2760.410453553702,3187.5299985463066,-141512259.01,0.0,11313519.78,-130198739.23,932357750.04,951113130.18,-141512259.01,NEGATIVE_EBITDA,POSITIVE_NWC,LIQUIDITY_RISK,CASH_OUTFLOW,11,4,-0.5000000000000004,0.8660254037844384,-8774035.38,-10107090.96,-7618366.85,-165436982.63,-278721057.34,-179205778.83,-294695247.7,932357750.04,726995591.92,4880559246.69,4134902955.85,-7829000.946666669,-8598210.941666668,-8575835.684166668,-108719363.74000001,933292970.23,-22.903907415062196,-11.208811899101434,-65.78832082511788,-58.038272369466505,-475.87535393628747,-214.37752908777588
2024-12-01,2024,12,2024-12,-8025233.62,-1846541.6,-40638245.65,-33860913.0,-2761793.21,-84370933.87,-87132727.08,-2686441.64,-89819168.72,-3228657.57,-93047826.29,10.513205953249246,10.857344621451656,11.192093959253487,11.594407178142685,971213700.39,572385496.34,-184952102.81,0.0,1358647093.92,-3595943394.28,4954590488.2,3983376787.81,14354361.85,-0.3778277200028161,-0.2186523844704262,-0.2700859256947402,,431.6642232808837,-2738.8242294414845,3170.488452722368,-84539824.72,0.0,-2247841.27,-86787665.99,951113130.18,971213700.39,-84539824.72,NEGATIVE_EBITDA,POSITIVE_NWC,LIQUIDITY_RISK,CASH_OUTFLOW,12,4,-2.4492935982947064e-16,1.0,-6764438.44,-7948529.02,-7494819.48,-95355153.93,-85705686.84,-123659217.18,-105904956.92,951113130.18,750819432.44,4940236126.35,4207940682.34,-7854569.146666668,-8572000.041666666,-8620036.862499999,-115054356.81000002,951561526.87,18.638578666701555,7.077076925140302,-1.5573680338059614,-12.14025386905374,-358.33306293203486,-668.6373743562324
2025-01-01,2025,1,2025-01,-9637635.99,-16584313.2,-42716546.93,-93155871.0,-2177115.24,-162094367.12,-164271482.36,-5249849.64,-169521332.0,-5730801.94,-175252133.94,16.818892857977715,17.044790084461365,17.589513878288734,18.18414122735507,985415401.41,569627296.09,-201272125.05,0.0,1353770572.45,-3760070975.7,5113841548.15,4128426146.74,159251059.95,-0.3600385687395098,-0.20854480711338663,-0.26207361716797073,,414.3873874372879,-2669.181638710936,3083.5690261482237,-318124377.63,0.0,-203267908.18,-521392285.81,971213700.39,985415401.41,-318124377.63,NEGATIVE_EBITDA,POSITIVE_NWC,LIQUIDITY_RISK,CASH_OUTFLOW,1,1,0.49999999999999994,0.8660254037844387,-8025233.62,-8774035.38,-7546906.21,-84370933.87,-203847830.36,-93047826.29,-220086060.93,971213700.39,772587404.22,4954590488.2,4277019472.26,-8142436.0166666685,-8542827.235000001,-8794264.344166666,-113940151.64000003,969247410.66,20.0916564719271,27.703137177320247,-20.48266256563164,-20.371088837043505,630.5686904728469,658.9734049212385
2025-02-01,2025,2,2025-02,-8957983.54,-7783015.2,-35157952.89,-117880634.0,-22311484.12,-169779585.63,-192091069.75,-3941384.82,-196032454.57,-4235540.49,-200267995.06,18.95287983862493,21.443561365373977,21.883547083409802,22.356370065399787,1001761777.35,579729136.79,-220789664.23,0.0,1360701249.91,-3834476896.15,5195178146.06,4193416368.71,81336597.91,-0.3548596814538666,-0.2036710962854239,-0.26125122265199124,,457.67710397316023,-3024.171246220132,3481.8483501932924,-242946732.91,0.0,-20015123.67,-262961856.58,985415401.41,1001761777.35,-242946732.91,NEGATIVE_EBITDA,POSITIVE_NWC,LIQUIDITY_RISK,CASH_OUTFLOW,2,1,0.8660254037844386,0.5000000000000001,-9637635.99,-6764438.44,-8537780.29,-162094367.12,-72058559.36,-175252133.94,-89577376.09,985415401.41,789816811.79,5113841548.15,4344343881.57,-8873617.716666669,-8351309.331666667,-8829281.281666666,-138748295.54,986130293.0500001,-7.052065991133172,4.921692005733269,135.61334994471918,123.56983850340417,213.39869806472151,417.2228838044717
2025-03-01,2025,3,2025-03,-10001693.25,-699619.2,-40180225.25,-1610030.0,-31891229.94,-52491567.7,-84382797.64,-437080.13,-84819877.77,-10145222.83,-94965100.6,5.248268107002782,8.436851194171547,8.480551807565185,9.494902335662013,1023820066.96,596108036.18,-247222226.86,0.0,1372705876.28,-3921465031.29,5294170907.57,4270350840.61,98992761.51,-0.3500492457096924,-0.19803768079108214,-0.2610810140574441,,453.5931809151568,-2991.946887488392,3445.540068403549,-140008342.56,0.0,-79570602.59,-219578945.15,1001761777.35,1023820066.96,-140008342.56,NEGATIVE_EBITDA,POSITIVE_NWC,LIQUIDITY_RISK,CASH_OUTFLOW,3,1,1.0,6.123233995736766e-17,-8957983.54,-8025233.62,-9478969.42,-169779585.63,-146206731.22,-200267995.06,-164794906.9,1001761777.35,805796769.73,5195178146.06,4505720711.8,-9532437.593333336,-8693503.37,-8872841.600833332,-128121840.15000002,1003665748.5733334,11.651167981494194,5.514563945074946,-64.09770790852647,-42.37376482901488,-1370.4611731622147,-1286.1467729737774
2025-04-01,2025,4,2025-04,-9908902.12,-28581091.2,-40153451.26,-73952773.0,-10543642.48,-152596217.58,-163139860.06,-4569660.47,-167709520.53,-9112355.83,-176821876.36,15.399911688702804,16.46396927574051,16.925136458003482,17.844749521049867,1041229329.98,621728575.34,-250059942.35,0.0,1412897962.97,-3944446201.68,5357344164.65,4316114834.67,63173257.08,-0.358199323993372,-0.20057806525362898,-0.26397351535344166,,454.9434382243934,-2938.4440139542317,3393.387452178625,-212042227.94,0.0,-12365008.34,-224407236.28,1023820066.96,1041229329.98,-212042227.94,NEGATIVE_EBITDA,POSITIVE_NWC,LIQUIDITY_RISK,CASH_OUTFLOW,4,2,0.8660254037844387,-0.4999999999999998,-10001693.25,-9637635.99,-8490091.82,-52491567.7,-234028313.02,-94965100.6,-264893991.8,1023820066.96,821567057.22,5294170907.57,4534423211.85,-9622859.636666669,-8882647.826666666,-8991075.7925,-124955790.30333334,1022270391.4300002,-0.9277542080187384,16.711365790623447,-34.79583063654389,-33.24806079652275,1015.1643581700022,834.9847185387853
2025-05-01,2025,5,2025-05,-8180535.49,-8783528.8,-38978111.51,-8576105.0,-2014834.2,-64518280.8,-66533115.0,-2644636.78,-69177751.78,-7431982.7,-76609734.48,7.88680409477693,8.133100220802294,8.456384287381168,9.364880156518947,1059734024.58,633117282.48,-272459082.37,0.0,1420392224.69,-3985738817.2,5406131041.89,4346397017.31,48786877.24,-0.35636861566554734,-0.19752296332429137,-0.2658814521430353,,499.00085054710746,-3153.510086323831,3652.510936870938,-104877082.92,0.0,-36009134.6,-140886217.52,1041229329.98,1059734024.58,-104877082.92,NEGATIVE_EBITDA,POSITIVE_NWC,LIQUIDITY_RISK,CASH_OUTFLOW,5,2,0.49999999999999994,-0.8660254037844387,-9908902.12,-8957983.54,-9772195.34,-152596217.58,-147888224.15,-176821876.36,-170486262.71,1041229329.98,840383328.3,5357344164.65,4543675602.18,-9363710.286666669,-9118664.001666667,-8858437.471666666,-89868688.69333334,1041594473.8400002,-17.442564363528092,-16.287638494954603,-56.37361854141921,-55.063983888065835,-751.3107593925874,-847.986936453092
2025-06-01,2025,6,2025-06,-10325468.95,-1338184.4,-39118940.69,-2833773.0,-3952424.38,-53616367.04,-57568791.42,-6877503.38,-64446294.8,-9014329.09,-73460623.89,5.19263263485965,5.5754166419724696,6.241488412010575,7.11450726797256,1072995553.17,643681302.7,-301129255.39,0.0,1415547600.48,-4037178681.65,5452726282.13,4379730728.96,46595240.24,-0.35062792908176754,-0.19118953077017073,-0.26577856413614703,,489.58326682388497,-3076.3553501210617,3565.9386169449467,-102841911.16,0.0,-43814143.48,-146656054.64,1059734024.58,1072995553.17,-102841911.16,NEGATIVE_EBITDA,POSITIVE_NWC,LIQUIDITY_RISK,CASH_OUTFLOW,6,2,1.2246467991473532e-16,-1.0,-8180535.49,-10001693.25,-8182499.02,-64518280.8,-212173463.8,-76609734.48,-225804337.79,1059734024.58,856458586.94,5406131041.89,4580163924.13,-9471635.520000001,-9502036.556666667,-9037018.299166666,-90243621.80666667,1057986302.5766667,26.21996399406854,26.189675363994127,-74.72993743904746,-67.46713344438979,-269.41714599172803,-225.03728885463863
2025-07-01,2025,7,2025-07,-9325931.14,-63382777.6,-44403005.7,-268110286.0,-3187985.77,-385222000.44,-388409986.21,14370.02,-388395616.19,-7392775.83,-395788392.02,41.30654565823869,41.64838667359064,41.646845806541094,42.43955762469848,1098975873.09,657470179.64,-270513658.06,0.0,1485932394.67,-4292257116.98,5778189511.65,4679213638.56,325463229.52,-0.3461890455703853,-0.19301318454400976,-0.25603682238477626,,454.20006277345317,-2907.6017004579717,3361.8017632314245,-692083315.85,0.0,-242761647.0,-934844962.85,1072995553.17,1098975873.09,-692083315.85,NEGATIVE_EBITDA,POSITIVE_NWC,LIQUIDITY_RISK,CASH_OUTFLOW,7,3,-0.4999999999999997,-0.8660254037844388,-10325468.95,-9908902.12,-9812672.83,-53616367.04,-151293570.5,-73460623.89,-167111602.45,1072995553.17,881626342.32,5452726282.13,4684505414.79,-9277311.860000001,-9450085.748333333,-8996456.491666665,-167785549.42666665,1077235150.28,-9.680313938671025,-4.960337498585488,154.61888378131707,136.84076163318485,3611.391302337904,3532.505035672592
2025-08-01,2025,8,2025-08,-6817721.9,-11501487.6,-38144710.91,-44412392.0,-2854658.33,-100876312.41,-103730970.74,-2385696.18,-106116666.92,-8076136.98,-114192803.9,14.796190558902087,15.214902024677775,15.564827735199936,16.749407731048695,1119833332.86,651320706.25,-289909388.69,0.0,1481244650.42,-4448953023.96,5930197674.38,4810364341.52,152008162.73,-0.3329422995573796,-0.18654365188852615,-0.2517071605002562,,531.8236328795132,-3551.967073606798,4083.790706486311,-242488848.53,0.0,-149676362.12,-392165210.65,1098975873.09,1119833332.86,-242488848.53,NEGATIVE_EBITDA,POSITIVE_NWC,LIQUIDITY_RISK,CASH_OUTFLOW,8,3,-0.8660254037844385,-0.5000000000000004,-9325931.14,-8180535.49,-10107090.96,-385222000.44,-82276126.91,-395788392.02,-112739903.6,1098975873.09,897249291.87,5778189511.65,4701264759.16,-8823040.663333336,-9093375.475,-8722342.403333334,-179904893.29666665,1097268253.04,-26.895000642262946,-32.545161342844,22.607026118701867,1.2887187709108572,-2651.0355099336603,-2569.0149893649786
2025-09-01,2025,9,2025-09,-7537122.84,-34593058.8,-40232429.43,-11537956.0,-2203564.53,-93900567.07,-96104131.6,-8558949.47,-104663081.07,-2897480.41,-107560561.48,12.458410067521204,12.750771566302348,13.886344072110148,14.27077198598504,1131411798.88,683027412.25,-282762190.95,0.0,1531677020.18,-4464884636.32,5996561656.5,4865149857.62,66363982.12,-0.3430496294843628,-0.19007201239346355,-0.2534022468747413,,497.4897628870333,-3323.377852108992,3820.867614996025,-160142513.05,0.0,-10422436.09,-170564949.14,1119833332.86,1131411798.88,-160142513.05,NEGATIVE_EBITDA,POSITIVE_NWC,LIQUIDITY_RISK,CASH_OUTFLOW,9,3,-1.0,-1.8369701987210297e-16,-6817721.9,-10325468.95,-7948529.02,-100876312.41,-65365954.66,-114192803.9,-76121050.49,1119833332.86,916408030.47,5930197674.38,4805483403.87,-7893591.960000002,-8682613.74,-8688058.555,-193332959.97333333,1116740334.9433334,10.551925563288211,-5.175878190352257,43.65363063757324,41.301993059239514,-233.7780491380883,-247.86357450636558
2025-10-01,2025,10,2025-10,-8543129.62,-21907910.8,-40133649.8,-25716132.0,-14934722.64,-96300822.22,-111235544.86,-3939816.78,-115175361.64,-3256229.56,-118431591.2,11.27231196335284,13.020467885631824,13.48163574275723,13.86278758111597,1149750983.18,696818791.22,-294079625.93,0.0,1552490148.47,-4475501538.16,6027991686.63,4878240703.45,31430030.13,-0.34688629536440085,-0.19119004874742815,-0.25689880192794967,,532.9098215678605,-3452.862782104607,3985.7726036724675,-116587714.39,0.0,-3812728.96,-120400443.35,1131411798.88,1149750983.18,-116587714.39,NEGATIVE_EBITDA,POSITIVE_NWC,LIQUIDITY_RISK,CASH_OUTFLOW,10,4,-0.8660254037844386,0.5000000000000001,-7537122.84,-9325931.14,-8774035.38,-93900567.07,-165436982.63,-107560561.48,-179205778.83,1131411798.88,932357750.04,5996561656.5,4880559246.69,-7632658.120000002,-8454984.99,-8668816.408333333,-97025900.56666666,1133665371.64,13.34735815450765,-2.63169396975923,-41.790027423688635,-33.91307357763961,-118.60981041683641,-40.798440486906884
2025-11-01,2025,11,2025-11,-8796003.97,-34105744.4,-37221575.71,-63402564.0,-3602830.57,-143525888.08,-147128718.65,1881719.38,-145246999.27,-7029964.35,-152276963.62,16.317169543069227,16.726768104221307,16.512839212599854,17.312061720226804,1171162614.71,708371693.53,-286982694.14,0.0,1592551614.1,-4533462224.5,6126013838.6,4954851223.89,98022151.97,-0.35128816238799565,-0.19503414317464993,-0.25833734940609737,,566.2806280817175,-3630.5409930185892,4196.821621100306,-225284653.49,0.0,-83802741.83,-309087395.32,1149750983.18,1171162614.71,-225284653.49,NEGATIVE_EBITDA,POSITIVE_NWC,LIQUIDITY_RISK,CASH_OUTFLOW,11,4,-0.5000000000000004,0.8660254037844384,-8543129.62,-6817721.9,-6764438.44,-96300822.22,-95355153.93,-118431591.2,-123659217.18,1149750983.18,951113130.18,6027991686.63,4940236126.35,-8292085.476666669,-8557563.07,-8838113.535833333,-111242425.79,1150775132.256667,2.9599732328537742,30.033025623927468,50.517179370673595,23.14242892088152,504.48575797163875,344.92741391108336
2025-12-01,2025,12,2025-12,-10589119.21,-42919612.0,-42526185.23,-106015254.0,-3323333.8,-202050170.44,-205373504.24,-3954542.65,-209328046.89,-6866193.71,-216194240.6,19.0809232036212,19.394767418054215,19.768220825422173,20.416640545120465,1191000681.54,721432846.67,-275761389.3,0.0,1636672138.91,-4613138070.94,6249810209.85,5058809528.31,123796371.25,-0.35478498881705967,-0.19839841733883015,-0.25817581507967197,,521.1370418775745,-3333.7649218370766,3854.901963714651,-316829211.22,0.0,-71769624.7,-388598835.92,1171162614.71,1191000681.54,-316829211.22,NEGATIVE_EBITDA,POSITIVE_NWC,LIQUIDITY_RISK,CASH_OUTFLOW,12,4,-2.4492935982947064e-16,1.0,-8796003.97,-7537122.84,-8025233.62,-143525888.08,-84370933.87,-152276963.62,-93047826.29,1171162614.71,971213700.39,6126013838.6,4954590488.2,-9309417.600000001,-8601504.780000001,-9051770.668333335,-147292293.58,1170638093.1433334,20.385566515382102,31.947800044230988,139.47840941445776,132.3474381080031,276.37536605519733,310.4578824893661
2026-01-01,2026,1,2026-01,-7971258.77,0.0,-43345420.01,0.0,-1705523.51,-51316678.78,-53022202.29,1000430.41,-52021771.88,-1727533.61,-53749305.49,6.437713322409178,6.651672442193217,6.526167746025889,6.742888048282492,1215785349.18,719506219.1,-306233406.37,0.0,1629058161.91,-4625318202.04,6254376363.95,5038591014.77,4566154.1,-0.35220455993525,-0.19664635017085774,-0.26285442343053866,,515.2690991177917,-3303.6032918392293,3818.872390957021,-31825268.44,0.0,23647528.55,-8177739.89,1191000681.54,1215785349.18,-31825268.44,NEGATIVE_EBITDA,POSITIVE_NWC,LIQUIDITY_RISK,CASH_OUTFLOW,1,1,0.49999999999999994,0.8660254037844387,-10589119.21,-8543129.62,-9637635.99,-202050170.44,-162094367.12,-216194240.6,-175252133.94,1191000681.54,985415401.41,6249810209.85,5113841548.15,-9118793.983333336,-8375726.051666667,-8912905.9,-132297579.09999998,1192649548.4766667,-24.72217365848317,-17.29031083690058,-68.34147929273213,-69.3302989917362,-1264.3209881212024,-1367.3752496837974
2026-02-01,2026,2,2026-02,-8864463.19,0.0,-36543014.98,0.0,-112248.9,-45407478.17,-45519727.07,2444902.46,-43074824.61,-1045194.59,-44120019.2,5.122417138719034,5.135079935957182,4.859270514946997,4.977178905742627,1239639187.52,746130294.55,-331388318.69,0.0,1654381163.38,-4633627122.16,6288008285.54,5048369098.02,33631921.59,-0.3570380437968426,-0.19601293865152708,-0.26753106256468323,,561.5002265776375,-3547.1959445531224,4108.6961711307595,-53785853.55,0.0,-31007236.25,-84793089.8,1215785349.18,1239639187.52,-53785853.55,NEGATIVE_EBITDA,POSITIVE_NWC,LIQUIDITY_RISK,CASH_OUTFLOW,2,1,0.8660254037844386,0.5000000000000001,-7971258.77,-8796003.97,-8957983.54,-51316678.78,-169779585.63,-53749305.49,-200267995.06,1215785349.18,1001761777.35,6254376363.95,5195178146.06,-9141613.723333335,-8716849.6,-8905112.5375,-99591442.46333332,1215475072.7466667,11.205312056379269,-1.0439888573405387,-73.2550424118973,-77.96951071149351,-131.5296183690144,-176.57091425398653
2026-03-01,2026,3,2026-03,-10944875.87,0.0,-42107120.87,0.0,-2020071.15,-53051996.74,-55072067.89,-3950208.85,-59022276.74,-8786682.02,-67808958.76,4.847199490440635,5.031767243788759,5.3926858048505215,6.195498200748439,1256856159.98,759713266.77,-361216964.73,0.0,1655352462.02,-4647262439.31,6302614901.33,5045758741.35,14606615.79,-0.3561994795081505,-0.19272404064681564,-0.27045086788053463,,554.3142043009981,-3416.3767370111573,3970.6909413121552,-63178530.94,0.0,20381882.62,-42796648.32,1239639187.52,1256856159.98,-63178530.94,NEGATIVE_EBITDA,POSITIVE_NWC,LIQUIDITY_RISK,CASH_OUTFLOW,3,1,1.0,6.123233995736766e-17,-8864463.19,-10589119.21,-10001693.25,-45407478.17,-52491567.7,-44120019.2,-94965100.6,1239639187.52,1023820066.96,6288008285.54,5294170907.57,-9260199.27666667,-9284808.438333333,-8983711.089166667,-49925384.56333333,1237426898.8933334,23.469133273032416,9.43022942640237,1.0676553674353384,-28.595917519619828,-27.521764827839945,121.8319295005812
2026-04-01,2026,4,2026-04,-9759973.18,0.0,-38744533.56,0.0,-1918296.22,-48504506.74,-50422802.96,-2112131.23,-52534934.19,-7008588.45,-59543522.64,4.969737707824316,5.166284991779045,5.382692474775838,6.100787526959167,1278044199.59,755215171.8,-391693616.16,0.0,1641565755.23,-4660577041.1,6302142796.33,5024098596.74,-472105.0,-0.3522237140923979,-0.1901804380903017,-0.2742244551091796,,586.5066498570592,-3603.5429872949026,4190.049637151961,-35965081.81,0.0,-7183698.21,-43148780.02,1256856159.98,1278044199.59,-35965081.81,NEGATIVE_EBITDA,POSITIVE_NWC,LIQUIDITY_RISK,CASH_OUTFLOW,4,2,0.8660254037844387,-0.4999999999999998,-10944875.87,-7971258.77,-9908902.12,-53051996.74,-152596217.58,-67808958.76,-176821876.36,1256856159.98,1041229329.98,6302614901.33,5357344164.65,-9856437.413333334,-9487615.698333332,-8971300.344166666,-48987993.88333333,1258179849.03,-10.826095280329561,-1.5029812404686371,-68.21382108336267,-66.32570365966906,12.253821738368131,-9.471067378927156
2026-05-01,2026,5,2026-05,-7632254.5,0.0,-35219439.52,0.0,-1133306.54,-42851694.02,-43985000.56,-184571.41,-44169571.97,-8269544.92,-52439116.89,5.614552557176912,5.7630416490959515,5.787224727634541,6.870724356741511,1297832690.52,762547514.6,-419935464.13,0.0,1640444740.99,-4671573166.5,6312017907.49,5014185216.97,9875111.16,-0.3511546715683876,-0.18792325306717425,-0.2778149125067332,,667.9641118604604,-4107.05934532714,4775.023457187601,-41392430.58,0.0,-70222744.08,-111615174.66,1278044199.59,1297832690.52,-41392430.58,NEGATIVE_EBITDA,POSITIVE_NWC,LIQUIDITY_RISK,CASH_OUTFLOW,5,2,0.49999999999999994,-0.8660254037844387,-9759973.18,-8864463.19,-8180535.49,-48504506.74,-64518280.8,-59543522.64,-76609734.48,1278044199.59,1059734024.58,6302142796.33,5406131041.89,-9445701.183333335,-9293657.453333333,-8925610.261666667,-48136065.833333336,1277577683.3633335,-21.80045621805694,-6.702262836830508,-33.5820894657193,-31.55032157996849,64.48148493525964,76.99368297823438
2026-06-01,2026,6,2026-06,-8835072.4,0.0,-42734507.23,0.0,-908193.47,-51569579.63,-52477773.1,670439.7,-51807333.4,-5054875.86,-56862209.26,5.8369164728067195,5.939710590260698,5.8638266959759155,6.435964153502579,1319005554.27,773937865.21,-546963643.42,0.0,1545979776.06,-4682384107.48,6228363883.54,4909358329.27,-83654023.95,-0.33016936256688834,-0.16488222519307652,-0.28169529111525027,,539.3131263479413,-3283.2801453529246,3822.593271700866,48872871.91,0.0,29415146.89,78288018.8,1297832690.52,1319005554.27,48872871.91,NEGATIVE_EBITDA,POSITIVE_NWC,LIQUIDITY_RISK,CASH_GENERATION,6,2,1.2246467991473532e-16,-1.0,-7632254.5,-10944875.87,-10325468.95,-42851694.02,-53616367.04,-52439116.89,-73460623.89,1297832690.52,1072995553.17,6312017907.49,5452726282.13,-8742433.360000001,-9001316.318333333,-8801410.549166666,-47641926.79666666,1298294148.1266668,15.759667081332275,-14.43417782976335,-3.8174675439553885,-22.594981843408355,22.236391562980717,-43.476020323893216
2026-07-01,2026,7,2026-07,-7755161.56,0.0,-42249989.85,0.0,-1365903.36,-50005151.41,-51371054.77,-2395480.04,-53766534.81,-5603125.31,-59369660.12,6.447983194562874,6.624111486595516,6.932999963188387,7.655502681751997,1344970858.49,805979774.36,-488880516.15,0.0,1662070116.7,-4697089468.02,6359159584.72,5014188726.23,130795701.18,-0.35385106628608143,-0.18225974790743646,-0.2863413327864406,,579.6148945899688,-3440.991132457041,4020.6060270470102,-162834153.72,0.0,22771463.11,-140062690.61,1319005554.27,1344970858.49,-162834153.72,NEGATIVE_EBITDA,POSITIVE_NWC,LIQUIDITY_RISK,CASH_OUTFLOW,7,3,-0.4999999999999997,-0.8660254037844388,-8835072.4,-9759973.18,-9325931.14,-51569579.63,-385222000.44,-56862209.26,-395788392.02,1319005554.27,1098975873.09,6228363883.54,5778189511.65,-8074162.820000001,-8965300.116666665,-8670513.084166666,-48142141.68666667,1320603034.4266665,-12.222999327090978,-16.84303214788696,-87.01913406999492,-84.99964594287547,61.10667217561545,121.95385282494185
2026-08-01,2026,8,2026-08,-2192619.9,0.0,-9391111.06,0.0,-881113.23,-11583730.96,-12464844.19,-353542.78,-12818386.97,-1769395.29,-14587782.26,5.283054741955047,5.6849088116002235,5.84615097673792,6.653128643044789,1352437919.75,772214713.15,-598369193.33,0.0,1526283439.57,-4699156207.94,6225439647.51,4873001727.76,-133719937.21,-0.3247994686771834,-0.1604689635866704,-0.28780441847513666,,2604.8051609779386,-15508.474667893024,18113.279828870964,127480329.44,0.0,-34598561.88,92881767.56,1344970858.49,1352437919.75,127480329.44,NEGATIVE_EBITDA,POSITIVE_NWC,LIQUIDITY_RISK,CASH_GENERATION,8,3,-0.8660254037844385,-0.5000000000000004,-7755161.56,-7632254.5,-6817721.9,-50005151.41,-100876312.41,-59369660.12,-114192803.9,1344970858.49,1119833332.86,6359159584.72,5930197674.38,-6260951.286666669,-7853326.235,-8285087.9174999995,-37719487.333333336,1338804777.5033333,-71.72696038585171,-67.83940541781266,-88.51689689753995,-87.22530513150838,-116.49284526078274,-100.23740387072087
