period,metric,metric_label,anomaly_value,anomaly_baseline,anomaly_deviation,driver_type,account_number,account_name,management_group,management_line,driver_actual,driver_expected,driver_variance,contribution_pct,driver_direction,root_cause_status,explanation_level
2021-02-01,closing_cash,Closing Cash,44231047.42,,,WORKING_CAPITAL_COMPONENT,,Current Liabilities,Working Capital,Current Liabilities,-418669595.63,-105066442.87,-313603152.76,89.64439378193296,NEGATIVE,DRIVER_IDENTIFIED,WORKING_CAPITAL_COMPONENT
2021-02-01,closing_cash,Closing Cash,44231047.42,,,WORKING_CAPITAL_COMPONENT,,Cash,Working Capital,Cash,44231047.42,26317810.49,17913236.930000003,5.120552045249738,POSITIVE,DRIVER_IDENTIFIED,WORKING_CAPITAL_COMPONENT
2021-02-01,closing_cash,Closing Cash,44231047.42,,,WORKING_CAPITAL_COMPONENT,,Inventory,Working Capital,Inventory,21504129.9,11245957.87,10258172.03,2.932328979625691,POSITIVE,DRIVER_IDENTIFIED,WORKING_CAPITAL_COMPONENT
2021-02-01,closing_cash,Closing Cash,44231047.42,,,WORKING_CAPITAL_COMPONENT,,Receivables,Working Capital,Receivables,67796409.22,75852037.13,-8055627.909999996,2.302725193191611,NEGATIVE,DRIVER_IDENTIFIED,WORKING_CAPITAL_COMPONENT
2021-02-01,closing_cash,Closing Cash,44231047.42,,,WORKING_CAPITAL_COMPONENT,,Other Current Assets,Working Capital,Other Current Assets,0.0,0.0,0.0,0.0,NEUTRAL,DRIVER_IDENTIFIED,WORKING_CAPITAL_COMPONENT
2021-02-01,free_cash_flow,Free Cash Flow,-581118665.5,,,CASH_FLOW_COMPONENT,,Financing Cash Flow,Cash Flow,Financing Cash Flow,-305513825.13,-96138286.18,-209375538.95,62.41515586140572,NEGATIVE,DRIVER_IDENTIFIED,CASH_FLOW_COMPONENT
2021-02-01,free_cash_flow,Free Cash Flow,-581118665.5,,,CASH_FLOW_COMPONENT,,Operating Cash Flow,Cash Flow,Operating Cash Flow,-581118665.5,-459921996.29,-121196669.20999998,36.12890520335246,NEGATIVE,DRIVER_IDENTIFIED,CASH_FLOW_COMPONENT
2021-02-01,free_cash_flow,Free Cash Flow,-581118665.5,,,CASH_FLOW_COMPONENT,,Net Profit,Cash Flow,Net Profit,-282529855.98,-277645817.88,-4884038.100000024,1.4559389352418206,NEGATIVE,DRIVER_IDENTIFIED,CASH_FLOW_COMPONENT
2021-02-01,free_cash_flow,Free Cash Flow,-581118665.5,,,CASH_FLOW_COMPONENT,,Investing Cash Flow,Cash Flow,Investing Cash Flow,0.0,0.0,0.0,0.0,NEUTRAL,DRIVER_IDENTIFIED,CASH_FLOW_COMPONENT
2021-02-01,net_working_capital,Net Working Capital,552201182.17,,,WORKING_CAPITAL_COMPONENT,,Current Liabilities,Working Capital,Current Liabilities,-418669595.63,-105066442.87,-313603152.76,94.48241501645963,NEGATIVE,DRIVER_IDENTIFIED,WORKING_CAPITAL_COMPONENT
2021-02-01,net_working_capital,Net Working Capital,552201182.17,,,WORKING_CAPITAL_COMPONENT,,Inventory,Working Capital,Inventory,21504129.9,11245957.87,10258172.03,3.090583938709437,POSITIVE,DRIVER_IDENTIFIED,WORKING_CAPITAL_COMPONENT
2021-02-01,net_working_capital,Net Working Capital,552201182.17,,,WORKING_CAPITAL_COMPONENT,,Receivables,Working Capital,Receivables,67796409.22,75852037.13,-8055627.909999996,2.427001044830934,NEGATIVE,DRIVER_IDENTIFIED,WORKING_CAPITAL_COMPONENT
2021-02-01,net_working_capital,Net Working Capital,552201182.17,,,WORKING_CAPITAL_COMPONENT,,Other Current Assets,Working Capital,Other Current Assets,0.0,0.0,0.0,0.0,NEUTRAL,DRIVER_IDENTIFIED,WORKING_CAPITAL_COMPONENT
2021-02-01,operating_cash_flow,Operating Cash Flow,-581118665.5,,,CASH_FLOW_COMPONENT,,Financing Cash Flow,Cash Flow,Financing Cash Flow,-305513825.13,-96138286.18,-209375538.95,62.41515586140572,NEGATIVE,DRIVER_IDENTIFIED,CASH_FLOW_COMPONENT
2021-02-01,operating_cash_flow,Operating Cash Flow,-581118665.5,,,CASH_FLOW_COMPONENT,,Operating Cash Flow,Cash Flow,Operating Cash Flow,-581118665.5,-459921996.29,-121196669.20999998,36.12890520335246,NEGATIVE,DRIVER_IDENTIFIED,CASH_FLOW_COMPONENT
2021-02-01,operating_cash_flow,Operating Cash Flow,-581118665.5,,,CASH_FLOW_COMPONENT,,Net Profit,Cash Flow,Net Profit,-282529855.98,-277645817.88,-4884038.100000024,1.4559389352418206,NEGATIVE,DRIVER_IDENTIFIED,CASH_FLOW_COMPONENT
2021-02-01,operating_cash_flow,Operating Cash Flow,-581118665.5,,,CASH_FLOW_COMPONENT,,Investing Cash Flow,Cash Flow,Investing Cash Flow,0.0,0.0,0.0,0.0,NEUTRAL,DRIVER_IDENTIFIED,CASH_FLOW_COMPONENT
2021-03-01,closing_cash,Closing Cash,68369894.73,,,WORKING_CAPITAL_COMPONENT,,Current Liabilities,Working Capital,Current Liabilities,-453709780.22,-261868019.25,-191841760.97000003,69.02886153725028,NEGATIVE,DRIVER_IDENTIFIED,WORKING_CAPITAL_COMPONENT
2021-03-01,closing_cash,Closing Cash,68369894.73,,,WORKING_CAPITAL_COMPONENT,,Receivables,Working Capital,Receivables,36597876.88,71824223.175,-35226346.294999994,12.675209863409457,NEGATIVE,DRIVER_IDENTIFIED,WORKING_CAPITAL_COMPONENT
2021-03-01,closing_cash,Closing Cash,68369894.73,,,WORKING_CAPITAL_COMPONENT,,Cash,Working Capital,Cash,68369894.73,35274428.955,33095465.775000006,11.908472445947442,POSITIVE,DRIVER_IDENTIFIED,WORKING_CAPITAL_COMPONENT
2021-03-01,closing_cash,Closing Cash,68369894.73,,,WORKING_CAPITAL_COMPONENT,,Inventory,Working Capital,Inventory,34126761.2,16375043.884999998,17751717.315000005,6.387456153392833,POSITIVE,DRIVER_IDENTIFIED,WORKING_CAPITAL_COMPONENT
2021-03-01,closing_cash,Closing Cash,68369894.73,,,WORKING_CAPITAL_COMPONENT,,Other Current Assets,Working Capital,Other Current Assets,0.0,0.0,0.0,0.0,NEUTRAL,DRIVER_IDENTIFIED,WORKING_CAPITAL_COMPONENT
2021-03-01,free_cash_flow,Free Cash Flow,-250482799.51,,,CASH_FLOW_COMPONENT,,Operating Cash Flow,Cash Flow,Operating Cash Flow,-250482799.51,-520520330.895,270037531.385,58.06318070108798,POSITIVE,DRIVER_IDENTIFIED,CASH_FLOW_COMPONENT
2021-03-01,free_cash_flow,Free Cash Flow,-250482799.51,,,CASH_FLOW_COMPONENT,,Financing Cash Flow,Cash Flow,Financing Cash Flow,-27066819.79,-200826055.655,173759235.865,37.36152474349307,POSITIVE,DRIVER_IDENTIFIED,CASH_FLOW_COMPONENT
2021-03-01,free_cash_flow,Free Cash Flow,-250482799.51,,,CASH_FLOW_COMPONENT,,Net Profit,Cash Flow,Net Profit,-258809270.51,-280087836.93,21278566.420000017,4.575294555418949,POSITIVE,DRIVER_IDENTIFIED,CASH_FLOW_COMPONENT
2021-03-01,free_cash_flow,Free Cash Flow,-250482799.51,,,CASH_FLOW_COMPONENT,,Investing Cash Flow,Cash Flow,Investing Cash Flow,0.0,0.0,0.0,0.0,NEUTRAL,DRIVER_IDENTIFIED,CASH_FLOW_COMPONENT
2021-03-01,net_working_capital,Net Working Capital,592804313.03,,,WORKING_CAPITAL_COMPONENT,,Current Liabilities,Working Capital,Current Liabilities,-453709780.22,-261868019.25,-191841760.97000003,78.36038658189287,NEGATIVE,DRIVER_IDENTIFIED,WORKING_CAPITAL_COMPONENT
2021-03-01,net_working_capital,Net Working Capital,592804313.03,,,WORKING_CAPITAL_COMPONENT,,Receivables,Working Capital,Receivables,36597876.88,71824223.175,-35226346.294999994,14.388682107518234,NEGATIVE,DRIVER_IDENTIFIED,WORKING_CAPITAL_COMPONENT
2021-03-01,net_working_capital,Net Working Capital,592804313.03,,,WORKING_CAPITAL_COMPONENT,,Inventory,Working Capital,Inventory,34126761.2,16375043.884999998,17751717.315000005,7.250931310588885,POSITIVE,DRIVER_IDENTIFIED,WORKING_CAPITAL_COMPONENT
2021-03-01,net_working_capital,Net Working Capital,592804313.03,,,WORKING_CAPITAL_COMPONENT,,Other Current Assets,Working Capital,Other Current Assets,0.0,0.0,0.0,0.0,NEUTRAL,DRIVER_IDENTIFIED,WORKING_CAPITAL_COMPONENT
2021-03-01,operating_cash_flow,Operating Cash Flow,-250482799.51,,,CASH_FLOW_COMPONENT,,Operating Cash Flow,Cash Flow,Operating Cash Flow,-250482799.51,-520520330.895,270037531.385,58.06318070108798,POSITIVE,DRIVER_IDENTIFIED,CASH_FLOW_COMPONENT
2021-03-01,operating_cash_flow,Operating Cash Flow,-250482799.51,,,CASH_FLOW_COMPONENT,,Financing Cash Flow,Cash Flow,Financing Cash Flow,-27066819.79,-200826055.655,173759235.865,37.36152474349307,POSITIVE,DRIVER_IDENTIFIED,CASH_FLOW_COMPONENT
2021-03-01,operating_cash_flow,Operating Cash Flow,-250482799.51,,,CASH_FLOW_COMPONENT,,Net Profit,Cash Flow,Net Profit,-258809270.51,-280087836.93,21278566.420000017,4.575294555418949,POSITIVE,DRIVER_IDENTIFIED,CASH_FLOW_COMPONENT
2021-03-01,operating_cash_flow,Operating Cash Flow,-250482799.51,,,CASH_FLOW_COMPONENT,,Investing Cash Flow,Cash Flow,Investing Cash Flow,0.0,0.0,0.0,0.0,NEUTRAL,DRIVER_IDENTIFIED,CASH_FLOW_COMPONENT
2021-08-01,free_cash_flow,Free Cash Flow,-73431054.84,-277840273.26,204409218.42,CASH_FLOW_COMPONENT,,Operating Cash Flow,Cash Flow,Operating Cash Flow,-73431054.84,-277840273.26,204409218.42,51.49701612892503,POSITIVE,DRIVER_IDENTIFIED,CASH_FLOW_COMPONENT
2021-08-01,free_cash_flow,Free Cash Flow,-73431054.84,-277840273.26,204409218.42,CASH_FLOW_COMPONENT,,Net Profit,Cash Flow,Net Profit,-69690408.92,-173505136.57,103814727.64999999,26.154146792084827,POSITIVE,DRIVER_IDENTIFIED,CASH_FLOW_COMPONENT
2021-08-01,free_cash_flow,Free Cash Flow,-73431054.84,-277840273.26,204409218.42,CASH_FLOW_COMPONENT,,Financing Cash Flow,Cash Flow,Financing Cash Flow,-7055529.22,-95765684.94,88710155.72,22.348837078990147,POSITIVE,DRIVER_IDENTIFIED,CASH_FLOW_COMPONENT
2021-08-01,free_cash_flow,Free Cash Flow,-73431054.84,-277840273.26,204409218.42,CASH_FLOW_COMPONENT,,Investing Cash Flow,Cash Flow,Investing Cash Flow,0.0,0.0,0.0,0.0,NEUTRAL,DRIVER_IDENTIFIED,CASH_FLOW_COMPONENT
2021-08-01,operating_cash_flow,Operating Cash Flow,-73431054.84,-277840273.26,204409218.42,CASH_FLOW_COMPONENT,,Operating Cash Flow,Cash Flow,Operating Cash Flow,-73431054.84,-277840273.26,204409218.42,51.49701612892503,POSITIVE,DRIVER_IDENTIFIED,CASH_FLOW_COMPONENT
2021-08-01,operating_cash_flow,Operating Cash Flow,-73431054.84,-277840273.26,204409218.42,CASH_FLOW_COMPONENT,,Net Profit,Cash Flow,Net Profit,-69690408.92,-173505136.57,103814727.64999999,26.154146792084827,POSITIVE,DRIVER_IDENTIFIED,CASH_FLOW_COMPONENT
2021-08-01,operating_cash_flow,Operating Cash Flow,-73431054.84,-277840273.26,204409218.42,CASH_FLOW_COMPONENT,,Financing Cash Flow,Cash Flow,Financing Cash Flow,-7055529.22,-95765684.94,88710155.72,22.348837078990147,POSITIVE,DRIVER_IDENTIFIED,CASH_FLOW_COMPONENT
2021-08-01,operating_cash_flow,Operating Cash Flow,-73431054.84,-277840273.26,204409218.42,CASH_FLOW_COMPONENT,,Investing Cash Flow,Cash Flow,Investing Cash Flow,0.0,0.0,0.0,0.0,NEUTRAL,DRIVER_IDENTIFIED,CASH_FLOW_COMPONENT
2021-12-01,operating_costs,Operating Costs,-44379408.43,-38545853.55,-5833554.880000003,ACCOUNT,504,Cost of goods sold,Operating Costs,Cost of Goods Sold,-27479192.42,-23939698.93,-3539493.490000002,41.045593129787946,NEGATIVE,DRIVER_IDENTIFIED,P&L_ACCOUNT
2021-12-01,operating_costs,Operating Costs,-44379408.43,-38545853.55,-5833554.880000003,ACCOUNT,524,Statutory social and health insurance,Operating Costs,Social & Health Insurance,-1927299.44,-391826.16,-1535473.28,17.80605380137058,NEGATIVE,DRIVER_IDENTIFIED,P&L_ACCOUNT
2021-12-01,operating_costs,Operating Costs,-44379408.43,-38545853.55,-5833554.880000003,ACCOUNT,502,Energy consumption,Operating Costs,Energy Consumption,1015210.1,-207005.56,1222215.66,14.173374478283108,POSITIVE,DRIVER_IDENTIFIED,P&L_ACCOUNT
2021-12-01,operating_costs,Operating Costs,-44379408.43,-38545853.55,-5833554.880000003,ACCOUNT,548,Other operating expenses,Operating Costs,Other Operating Costs,-1571950.19,-947460.02,-624490.1699999999,7.241875003807985,NEGATIVE,DRIVER_IDENTIFIED,P&L_ACCOUNT
2021-12-01,operating_costs,Operating Costs,-44379408.43,-38545853.55,-5833554.880000003,ACCOUNT,518,Other services,Operating Costs,Other Services,-258802.77,249457.6,-508260.37,5.894020828108789,NEGATIVE,DRIVER_IDENTIFIED,P&L_ACCOUNT
2022-01-01,closing_cash,Closing Cash,271483763.22,136101210.69,135382552.53000003,WORKING_CAPITAL_COMPONENT,,Current Liabilities,Working Capital,Current Liabilities,-1058618959.46,-823450566.99,-235168392.47000003,40.38447926495822,NEGATIVE,DRIVER_IDENTIFIED,WORKING_CAPITAL_COMPONENT
2022-01-01,closing_cash,Closing Cash,271483763.22,136101210.69,135382552.53000003,WORKING_CAPITAL_COMPONENT,,Cash,Working Capital,Cash,271483763.22,136101210.69,135382552.53000003,23.24867652519402,POSITIVE,DRIVER_IDENTIFIED,WORKING_CAPITAL_COMPONENT
2022-01-01,closing_cash,Closing Cash,271483763.22,136101210.69,135382552.53000003,WORKING_CAPITAL_COMPONENT,,Receivables,Working Capital,Receivables,-111312961.11,23748231.005000003,-135061192.115,23.19349065229742,NEGATIVE,DRIVER_IDENTIFIED,WORKING_CAPITAL_COMPONENT
2022-01-01,closing_cash,Closing Cash,271483763.22,136101210.69,135382552.53000003,WORKING_CAPITAL_COMPONENT,,Inventory,Working Capital,Inventory,151061997.87,74350438.48,76711559.39,13.173353557550326,POSITIVE,DRIVER_IDENTIFIED,WORKING_CAPITAL_COMPONENT
2022-01-01,closing_cash,Closing Cash,271483763.22,136101210.69,135382552.53000003,WORKING_CAPITAL_COMPONENT,,Other Current Assets,Working Capital,Other Current Assets,0.0,0.0,0.0,0.0,NEUTRAL,DRIVER_IDENTIFIED,WORKING_CAPITAL_COMPONENT
2022-01-01,ebitda,EBITDA,-53172301.59,-152052908.26999998,98880606.67999998,ACCOUNT,541,Net book value of sold long-term intangible and tangible assets,Non-Core Operating Items,Fixed Asset Disposal Costs,-8859600.0,-90109108.5,81249508.5,87.40396820454438,POSITIVE,DRIVER_IDENTIFIED,P&L_ACCOUNT
2022-01-01,ebitda,EBITDA,-53172301.59,-152052908.26999998,98880606.67999998,ACCOUNT,641,Revenues from sale of long-term intangible and tangible assets,Other Operating Income,Other Operating Income,-2581222.8,-8247049.6,5665826.8,6.094999891348948,POSITIVE,DRIVER_IDENTIFIED,P&L_ACCOUNT
2022-01-01,ebitda,EBITDA,-53172301.59,-152052908.26999998,98880606.67999998,ACCOUNT,504,Cost of goods sold,Operating Costs,Cost of Goods Sold,-22885372.75,-24111708.560000002,1226335.8100000024,1.319227871333331,POSITIVE,DRIVER_IDENTIFIED,P&L_ACCOUNT
2022-01-01,ebitda,EBITDA,-53172301.59,-152052908.26999998,98880606.67999998,ACCOUNT,521,Payroll costs (Wages),Operating Costs,Payroll Costs,-810234.86,-1689014.31,878779.4500000001,0.9453449322294302,POSITIVE,DRIVER_IDENTIFIED,P&L_ACCOUNT
2022-01-01,ebitda,EBITDA,-53172301.59,-152052908.26999998,98880606.67999998,ACCOUNT,604,Revenues from goods,Revenue,Sales Revenue,484760.97,-327573.005,812333.975,0.8738663683408147,POSITIVE,DRIVER_IDENTIFIED,P&L_ACCOUNT
2022-01-01,free_cash_flow,Free Cash Flow,-54808147.37,-231631890.775,176823743.405,CASH_FLOW_COMPONENT,,Operating Cash Flow,Cash Flow,Operating Cash Flow,-54808147.37,-231631890.77499998,176823743.40499997,49.22350052076263,POSITIVE,DRIVER_IDENTIFIED,CASH_FLOW_COMPONENT
2022-01-01,free_cash_flow,Free Cash Flow,-54808147.37,-231631890.775,176823743.405,CASH_FLOW_COMPONENT,,Net Profit,Cash Flow,Net Profit,-61488863.86,-160449059.24,98960195.38000001,27.54815125514678,POSITIVE,DRIVER_IDENTIFIED,CASH_FLOW_COMPONENT
2022-01-01,free_cash_flow,Free Cash Flow,-54808147.37,-231631890.775,176823743.405,CASH_FLOW_COMPONENT,,Financing Cash Flow,Cash Flow,Financing Cash Flow,1113099.28,-82329228.93,83442328.21000001,23.228348224090592,POSITIVE,DRIVER_IDENTIFIED,CASH_FLOW_COMPONENT
2022-01-01,free_cash_flow,Free Cash Flow,-54808147.37,-231631890.775,176823743.405,CASH_FLOW_COMPONENT,,Investing Cash Flow,Cash Flow,Investing Cash Flow,0.0,0.0,0.0,0.0,NEUTRAL,DRIVER_IDENTIFIED,CASH_FLOW_COMPONENT
2022-01-01,net_profit,Net Profit,-61488863.86,-160449059.24,98960195.38000001,ACCOUNT,541,Net book value of sold long-term intangible and tangible assets,Non-Core Operating Items,Fixed Asset Disposal Costs,-8859600.0,-90109108.5,81249508.5,77.73326701249687,POSITIVE,DRIVER_IDENTIFIED,P&L_ACCOUNT
2022-01-01,net_profit,Net Profit,-61488863.86,-160449059.24,98960195.38000001,ACCOUNT,641,Revenues from sale of long-term intangible and tangible assets,Other Operating Income,Other Operating Income,-2581222.8,-8247049.6,5665826.8,5.42062635973928,POSITIVE,DRIVER_IDENTIFIED,P&L_ACCOUNT
2022-01-01,net_profit,Net Profit,-61488863.86,-160449059.24,98960195.38000001,ACCOUNT,662,Interest revenues,Financial Result,Interest Income,-7191194.47,-4211867.050000001,-2979327.419999999,2.8503908285982225,NEGATIVE,DRIVER_IDENTIFIED,P&L_ACCOUNT
2022-01-01,net_profit,Net Profit,-61488863.86,-160449059.24,98960195.38000001,ACCOUNT,663,Foreign exchange gains,Financial Result,FX Gains,-706104.9,-2540521.825,1834416.9250000003,1.7550287167985572,POSITIVE,DRIVER_IDENTIFIED,P&L_ACCOUNT
2022-01-01,net_profit,Net Profit,-61488863.86,-160449059.24,98960195.38000001,ACCOUNT,591,Income tax - payable,Tax,Income Tax,-6168066.92,-4424462.42,-1743604.5,1.6681463883894274,NEGATIVE,DRIVER_IDENTIFIED,P&L_ACCOUNT
2022-01-01,net_working_capital,Net Working Capital,1369851759.44,1069969574.125,299882185.31500006,WORKING_CAPITAL_COMPONENT,,Current Liabilities,Working Capital,Current Liabilities,-1058618959.46,-823450566.99,-235168392.47000003,52.61730669467172,NEGATIVE,DRIVER_IDENTIFIED,WORKING_CAPITAL_COMPONENT
2022-01-01,net_working_capital,Net Working Capital,1369851759.44,1069969574.125,299882185.31500006,WORKING_CAPITAL_COMPONENT,,Receivables,Working Capital,Receivables,-111312961.11,23748231.005000003,-135061192.115,30.2190106987677,NEGATIVE,DRIVER_IDENTIFIED,WORKING_CAPITAL_COMPONENT
2022-01-01,net_working_capital,Net Working Capital,1369851759.44,1069969574.125,299882185.31500006,WORKING_CAPITAL_COMPONENT,,Inventory,Working Capital,Inventory,151061997.87,74350438.48,76711559.39,17.16368260656059,POSITIVE,DRIVER_IDENTIFIED,WORKING_CAPITAL_COMPONENT
2022-01-01,net_working_capital,Net Working Capital,1369851759.44,1069969574.125,299882185.31500006,WORKING_CAPITAL_COMPONENT,,Other Current Assets,Working Capital,Other Current Assets,0.0,0.0,0.0,0.0,NEUTRAL,DRIVER_IDENTIFIED,WORKING_CAPITAL_COMPONENT
2022-01-01,operating_cash_flow,Operating Cash Flow,-54808147.37,-231631890.775,176823743.405,CASH_FLOW_COMPONENT,,Operating Cash Flow,Cash Flow,Operating Cash Flow,-54808147.37,-231631890.77499998,176823743.40499997,49.22350052076263,POSITIVE,DRIVER_IDENTIFIED,CASH_FLOW_COMPONENT
2022-01-01,operating_cash_flow,Operating Cash Flow,-54808147.37,-231631890.775,176823743.405,CASH_FLOW_COMPONENT,,Net Profit,Cash Flow,Net Profit,-61488863.86,-160449059.24,98960195.38000001,27.54815125514678,POSITIVE,DRIVER_IDENTIFIED,CASH_FLOW_COMPONENT
2022-01-01,operating_cash_flow,Operating Cash Flow,-54808147.37,-231631890.775,176823743.405,CASH_FLOW_COMPONENT,,Financing Cash Flow,Cash Flow,Financing Cash Flow,1113099.28,-82329228.93,83442328.21000001,23.228348224090592,POSITIVE,DRIVER_IDENTIFIED,CASH_FLOW_COMPONENT
2022-01-01,operating_cash_flow,Operating Cash Flow,-54808147.37,-231631890.775,176823743.405,CASH_FLOW_COMPONENT,,Investing Cash Flow,Cash Flow,Investing Cash Flow,0.0,0.0,0.0,0.0,NEUTRAL,DRIVER_IDENTIFIED,CASH_FLOW_COMPONENT
2022-01-01,operating_costs,Operating Costs,-34991924.84,-38600300.025,3608375.184999995,ACCOUNT,504,Cost of goods sold,Operating Costs,Cost of Goods Sold,-22885372.75,-24111708.560000002,1226335.8100000024,26.85622137786334,POSITIVE,DRIVER_IDENTIFIED,P&L_ACCOUNT
2022-01-01,operating_costs,Operating Costs,-34991924.84,-38600300.025,3608375.184999995,ACCOUNT,521,Payroll costs (Wages),Operating Costs,Payroll Costs,-810234.86,-1689014.31,878779.4500000001,19.244888112267507,POSITIVE,DRIVER_IDENTIFIED,P&L_ACCOUNT
2022-01-01,operating_costs,Operating Costs,-34991924.84,-38600300.025,3608375.184999995,ACCOUNT,501,Material consumption,Operating Costs,Material Consumption,-5789447.2,-6516965.415,727518.2149999999,15.932332791022333,POSITIVE,DRIVER_IDENTIFIED,P&L_ACCOUNT
2022-01-01,operating_costs,Operating Costs,-34991924.84,-38600300.025,3608375.184999995,ACCOUNT,549,Shortages and damages in operating area,Operating Costs,Shortages & Damages,-3974372.75,-4653417.285,679044.5350000001,14.870780261556774,POSITIVE,DRIVER_IDENTIFIED,P&L_ACCOUNT
2022-01-01,operating_costs,Operating Costs,-34991924.84,-38600300.025,3608375.184999995,ACCOUNT,524,Statutory social and health insurance,Operating Costs,Social & Health Insurance,102141.23,-415324.22,517465.44999999995,11.332268508570783,POSITIVE,DRIVER_IDENTIFIED,P&L_ACCOUNT
2022-01-01,revenue,Revenue,-6739553.95,-8183211.045,1443657.0949999997,ACCOUNT,604,Revenues from goods,Revenue,Sales Revenue,484760.97,-327573.005,812333.975,55.00011240935307,POSITIVE,DRIVER_IDENTIFIED,P&L_ACCOUNT
2022-01-01,revenue,Revenue,-6739553.95,-8183211.045,1443657.0949999997,ACCOUNT,602,Revenues from services,Revenue,Sales Revenue,-7866698.03,-8380660.585000001,513962.55500000063,34.79849319265311,POSITIVE,DRIVER_IDENTIFIED,P&L_ACCOUNT
2022-01-01,revenue,Revenue,-6739553.95,-8183211.045,1443657.0949999997,ACCOUNT,601,Revenues from own products,Revenue,Sales Revenue,642383.11,491711.795,150671.315,10.201394397993813,POSITIVE,DRIVER_IDENTIFIED,P&L_ACCOUNT
2022-05-01,net_working_capital,Net Working Capital,1841216799.85,1307969688.305,533247111.54499984,WORKING_CAPITAL_COMPONENT,,Current Liabilities,Working Capital,Current Liabilities,-1492064795.56,-1014940242.94,-477124552.6199999,67.24181690356107,NEGATIVE,DRIVER_IDENTIFIED,WORKING_CAPITAL_COMPONENT
2022-05-01,net_working_capital,Net Working Capital,1841216799.85,1307969688.305,533247111.54499984,WORKING_CAPITAL_COMPONENT,,Receivables,Working Capital,Receivables,-205990395.05,-49819930.36,-156170464.69,22.00931755610693,NEGATIVE,DRIVER_IDENTIFIED,WORKING_CAPITAL_COMPONENT
2022-05-01,net_working_capital,Net Working Capital,1841216799.85,1307969688.305,533247111.54499984,WORKING_CAPITAL_COMPONENT,,Inventory,Working Capital,Inventory,196394238.65,120124026.18,76270212.47,10.748865540332003,POSITIVE,DRIVER_IDENTIFIED,WORKING_CAPITAL_COMPONENT
2022-05-01,net_working_capital,Net Working Capital,1841216799.85,1307969688.305,533247111.54499984,WORKING_CAPITAL_COMPONENT,,Other Current Assets,Working Capital,Other Current Assets,0.0,0.0,0.0,0.0,NEUTRAL,DRIVER_IDENTIFIED,WORKING_CAPITAL_COMPONENT
2022-08-01,closing_cash,Closing Cash,418652218.16,281828935.505,136823282.65500003,WORKING_CAPITAL_COMPONENT,,Current Liabilities,Working Capital,Current Liabilities,-1766715383.54,-1168110976.635,-598604406.905,70.56931189849055,NEGATIVE,DRIVER_IDENTIFIED,WORKING_CAPITAL_COMPONENT
2022-08-01,closing_cash,Closing Cash,418652218.16,281828935.505,136823282.65500003,WORKING_CAPITAL_COMPONENT,,Cash,Working Capital,Cash,418652218.16,281828935.505,136823282.65500003,16.130059848003068,POSITIVE,DRIVER_IDENTIFIED,WORKING_CAPITAL_COMPONENT
2022-08-01,closing_cash,Closing Cash,418652218.16,281828935.505,136823282.65500003,WORKING_CAPITAL_COMPONENT,,Inventory,Working Capital,Inventory,235398043.54,156434327.64499998,78963715.89500001,9.309011145556783,POSITIVE,DRIVER_IDENTIFIED,WORKING_CAPITAL_COMPONENT
2022-08-01,closing_cash,Closing Cash,418652218.16,281828935.505,136823282.65500003,WORKING_CAPITAL_COMPONENT,,Receivables,Working Capital,Receivables,-159710481.83,-125851577.34,-33858904.49000001,3.9916171079495864,NEGATIVE,DRIVER_IDENTIFIED,WORKING_CAPITAL_COMPONENT
2022-08-01,closing_cash,Closing Cash,418652218.16,281828935.505,136823282.65500003,WORKING_CAPITAL_COMPONENT,,Other Current Assets,Working Capital,Other Current Assets,0.0,0.0,0.0,0.0,NEUTRAL,DRIVER_IDENTIFIED,WORKING_CAPITAL_COMPONENT
2022-08-01,ebitda,EBITDA,-354958132.73,-141900921.435,-213057211.29500002,ACCOUNT,541,Net book value of sold long-term intangible and tangible assets,Non-Core Operating Items,Fixed Asset Disposal Costs,-282647910.0,-70021718.0,-212626192.0,88.45101362279219,NEGATIVE,DRIVER_IDENTIFIED,P&L_ACCOUNT
2022-08-01,ebitda,EBITDA,-354958132.73,-141900921.435,-213057211.29500002,ACCOUNT,641,Revenues from sale of long-term intangible and tangible assets,Other Operating Income,Other Operating Income,-23707656.4,-5078431.6,-18629224.799999997,7.749627649668192,NEGATIVE,DRIVER_IDENTIFIED,P&L_ACCOUNT
2022-08-01,ebitda,EBITDA,-354958132.73,-141900921.435,-213057211.29500002,ACCOUNT,504,Cost of goods sold,Operating Costs,Cost of Goods Sold,-27803070.7,-24327890.61,-3475180.09,1.4456506914361997,NEGATIVE,DRIVER_IDENTIFIED,P&L_ACCOUNT
2022-08-01,ebitda,EBITDA,-354958132.73,-141900921.435,-213057211.29500002,ACCOUNT,549,Shortages and damages in operating area,Operating Costs,Shortages & Damages,-4079885.73,-5005460.07,925574.3400000003,0.38503247312187633,POSITIVE,DRIVER_IDENTIFIED,P&L_ACCOUNT
2022-08-01,ebitda,EBITDA,-354958132.73,-141900921.435,-213057211.29500002,ACCOUNT,602,Revenues from services,Revenue,Sales Revenue,-9367392.05,-8529243.54,-838148.5100000016,0.3486639373005049,NEGATIVE,DRIVER_IDENTIFIED,P&L_ACCOUNT
2022-08-01,free_cash_flow,Free Cash Flow,-466724441.29,-202436939.09,-264287502.20000002,CASH_FLOW_COMPONENT,,Operating Cash Flow,Cash Flow,Operating Cash Flow,-466724441.29,-202436939.08999997,-264287502.20000005,47.75462896108128,NEGATIVE,DRIVER_IDENTIFIED,CASH_FLOW_COMPONENT
2022-08-01,free_cash_flow,Free Cash Flow,-466724441.29,-202436939.09,-264287502.20000002,CASH_FLOW_COMPONENT,,Net Profit,Cash Flow,Net Profit,-392267277.15,-150828329.34,-241438947.80999997,43.62607869627978,NEGATIVE,DRIVER_IDENTIFIED,CASH_FLOW_COMPONENT
2022-08-01,free_cash_flow,Free Cash Flow,-466724441.29,-202436939.09,-264287502.20000002,CASH_FLOW_COMPONENT,,Financing Cash Flow,Cash Flow,Financing Cash Flow,-99719921.65,-52018341.855000004,-47701579.795,8.619292342638957,NEGATIVE,DRIVER_IDENTIFIED,CASH_FLOW_COMPONENT
2022-08-01,free_cash_flow,Free Cash Flow,-466724441.29,-202436939.09,-264287502.20000002,CASH_FLOW_COMPONENT,,Investing Cash Flow,Cash Flow,Investing Cash Flow,0.0,0.0,0.0,0.0,NEUTRAL,DRIVER_IDENTIFIED,CASH_FLOW_COMPONENT
2022-08-01,net_profit,Net Profit,-392267277.15,-150828329.34,-241438947.80999997,ACCOUNT,541,Net book value of sold long-term intangible and tangible assets,Non-Core Operating Items,Fixed Asset Disposal Costs,-282647910.0,-70021718.0,-212626192.0,78.80560387478135,NEGATIVE,DRIVER_IDENTIFIED,P&L_ACCOUNT
2022-08-01,net_profit,Net Profit,-392267277.15,-150828329.34,-241438947.80999997,ACCOUNT,551,Depreciation of intangible and tangible fixed assets,EBITDA Adjustments,Depreciation,-23928307.85,-2155730.935,-21772576.915000003,8.069565915457394,NEGATIVE,DRIVER_IDENTIFIED,P&L_ACCOUNT
2022-08-01,net_profit,Net Profit,-392267277.15,-150828329.34,-241438947.80999997,ACCOUNT,641,Revenues from sale of long-term intangible and tangible assets,Other Operating Income,Other Operating Income,-23707656.4,-5078431.6,-18629224.799999997,6.904545937045484,NEGATIVE,DRIVER_IDENTIFIED,P&L_ACCOUNT
2022-08-01,net_profit,Net Profit,-392267277.15,-150828329.34,-241438947.80999997,ACCOUNT,504,Cost of goods sold,Operating Costs,Cost of Goods Sold,-27803070.7,-24327890.61,-3475180.09,1.288005315761226,NEGATIVE,DRIVER_IDENTIFIED,P&L_ACCOUNT
2022-08-01,net_profit,Net Profit,-392267277.15,-150828329.34,-241438947.80999997,ACCOUNT,591,Income tax - payable,Tax,Income Tax,-6996980.68,-3845387.3,-3151593.38,1.1680744368439016,NEGATIVE,DRIVER_IDENTIFIED,P&L_ACCOUNT
2022-08-01,net_working_capital,Net Working Capital,2261055163.41,1480522662.4450002,780532500.9649997,WORKING_CAPITAL_COMPONENT,,Current Liabilities,Working Capital,Current Liabilities,-1766715383.54,-1168110976.635,-598604406.905,84.14136432027765,NEGATIVE,DRIVER_IDENTIFIED,WORKING_CAPITAL_COMPONENT
2022-08-01,net_working_capital,Net Working Capital,2261055163.41,1480522662.4450002,780532500.9649997,WORKING_CAPITAL_COMPONENT,,Inventory,Working Capital,Inventory,235398043.54,156434327.64499998,78963715.89500001,11.099341586134585,POSITIVE,DRIVER_IDENTIFIED,WORKING_CAPITAL_COMPONENT
2022-08-01,net_working_capital,Net Working Capital,2261055163.41,1480522662.4450002,780532500.9649997,WORKING_CAPITAL_COMPONENT,,Receivables,Working Capital,Receivables,-159710481.83,-125851577.34,-33858904.49000001,4.759294093587768,NEGATIVE,DRIVER_IDENTIFIED,WORKING_CAPITAL_COMPONENT
2022-08-01,net_working_capital,Net Working Capital,2261055163.41,1480522662.4450002,780532500.9649997,WORKING_CAPITAL_COMPONENT,,Other Current Assets,Working Capital,Other Current Assets,0.0,0.0,0.0,0.0,NEUTRAL,DRIVER_IDENTIFIED,WORKING_CAPITAL_COMPONENT
2022-08-01,operating_cash_flow,Operating Cash Flow,-466724441.29,-202436939.09,-264287502.20000002,CASH_FLOW_COMPONENT,,Operating Cash Flow,Cash Flow,Operating Cash Flow,-466724441.29,-202436939.08999997,-264287502.20000005,47.75462896108128,NEGATIVE,DRIVER_IDENTIFIED,CASH_FLOW_COMPONENT
2022-08-01,operating_cash_flow,Operating Cash Flow,-466724441.29,-202436939.09,-264287502.20000002,CASH_FLOW_COMPONENT,,Net Profit,Cash Flow,Net Profit,-392267277.15,-150828329.34,-241438947.80999997,43.62607869627978,NEGATIVE,DRIVER_IDENTIFIED,CASH_FLOW_COMPONENT
2022-08-01,operating_cash_flow,Operating Cash Flow,-466724441.29,-202436939.09,-264287502.20000002,CASH_FLOW_COMPONENT,,Financing Cash Flow,Cash Flow,Financing Cash Flow,-99719921.65,-52018341.855000004,-47701579.795,8.619292342638957,NEGATIVE,DRIVER_IDENTIFIED,CASH_FLOW_COMPONENT
2022-08-01,operating_cash_flow,Operating Cash Flow,-466724441.29,-202436939.09,-264287502.20000002,CASH_FLOW_COMPONENT,,Investing Cash Flow,Cash Flow,Investing Cash Flow,0.0,0.0,0.0,0.0,NEUTRAL,DRIVER_IDENTIFIED,CASH_FLOW_COMPONENT
2022-08-01,operating_costs,Operating Costs,-39285656.12,-38827731.675,-457924.4450000003,ACCOUNT,504,Cost of goods sold,Operating Costs,Cost of Goods Sold,-27803070.7,-24327890.61,-3475180.09,49.26895535243009,NEGATIVE,DRIVER_IDENTIFIED,P&L_ACCOUNT
2022-08-01,operating_costs,Operating Costs,-39285656.12,-38827731.675,-457924.4450000003,ACCOUNT,549,Shortages and damages in operating area,Operating Costs,Shortages & Damages,-4079885.73,-5005460.07,925574.3400000003,13.122220907065268,POSITIVE,DRIVER_IDENTIFIED,P&L_ACCOUNT
2022-08-01,operating_costs,Operating Costs,-39285656.12,-38827731.675,-457924.4450000003,ACCOUNT,548,Other operating expenses,Operating Costs,Other Operating Costs,-221127.77,-927807.4450000001,706679.675,10.01886764263915,POSITIVE,DRIVER_IDENTIFIED,P&L_ACCOUNT
2022-08-01,operating_costs,Operating Costs,-39285656.12,-38827731.675,-457924.4450000003,ACCOUNT,511,Repairs and maintenance,Operating Costs,Repairs & Maintenance,699421.18,81500.13,617921.05,8.760502717940216,POSITIVE,DRIVER_IDENTIFIED,P&L_ACCOUNT
2022-08-01,operating_costs,Operating Costs,-39285656.12,-38827731.675,-457924.4450000003,ACCOUNT,521,Payroll costs (Wages),Operating Costs,Payroll Costs,-918122.1,-1339891.6800000002,421769.5800000002,5.979588414951238,POSITIVE,DRIVER_IDENTIFIED,P&L_ACCOUNT
2022-08-01,revenue,Revenue,-9316910.21,-8364250.425000001,-952659.7850000001,ACCOUNT,602,Revenues from services,Revenue,Sales Revenue,-9367392.05,-8529243.54,-838148.5100000016,40.3006693483549,NEGATIVE,DRIVER_IDENTIFIED,P&L_ACCOUNT
2022-08-01,revenue,Revenue,-9316910.21,-8364250.425000001,-952659.7850000001,ACCOUNT,601,Revenues from own products,Revenue,Sales Revenue,-318838.34,337445.445,-656283.785,31.556073300150334,NEGATIVE,DRIVER_IDENTIFIED,P&L_ACCOUNT
2022-08-01,revenue,Revenue,-9316910.21,-8364250.425000001,-952659.7850000001,ACCOUNT,604,Revenues from goods,Revenue,Sales Revenue,369320.18,-215985.96,585306.14,28.143257351494753,POSITIVE,DRIVER_IDENTIFIED,P&L_ACCOUNT
2022-10-01,operating_costs,Operating Costs,-35795411.35,-39065154.005,3269742.655000001,ACCOUNT,504,Cost of goods sold,Operating Costs,Cost of Goods Sold,-24080693.24,-25148234.415,1067541.1750000007,25.839366119613373,POSITIVE,DRIVER_IDENTIFIED,P&L_ACCOUNT
2022-10-01,operating_costs,Operating Costs,-35795411.35,-39065154.005,3269742.655000001,ACCOUNT,501,Material consumption,Operating Costs,Material Consumption,-5671937.25,-6608006.205,936068.9550000001,22.65713867331523,POSITIVE,DRIVER_IDENTIFIED,P&L_ACCOUNT
2022-10-01,operating_costs,Operating Costs,-35795411.35,-39065154.005,3269742.655000001,ACCOUNT,549,Shortages and damages in operating area,Operating Costs,Shortages & Damages,-4086174.55,-4683666.1899999995,597491.6399999997,14.462023199590604,POSITIVE,DRIVER_IDENTIFIED,P&L_ACCOUNT
2022-10-01,operating_costs,Operating Costs,-35795411.35,-39065154.005,3269742.655000001,ACCOUNT,548,Other operating expenses,Operating Costs,Other Operating Costs,-376286.56,-927807.4450000001,551520.885,13.349321228877354,POSITIVE,DRIVER_IDENTIFIED,P&L_ACCOUNT
2022-10-01,operating_costs,Operating Costs,-35795411.35,-39065154.005,3269742.655000001,ACCOUNT,521,Payroll costs (Wages),Operating Costs,Payroll Costs,-1682736.03,-1302302.42,-380433.6100000001,9.208228743960348,NEGATIVE,DRIVER_IDENTIFIED,P&L_ACCOUNT
2022-11-01,operating_costs,Operating Costs,-42880086.98,-39065154.005,-3814932.974999994,ACCOUNT,549,Shortages and damages in operating area,Operating Costs,Shortages & Damages,-6187140.72,-4683666.1899999995,-1503474.5300000003,24.783801251336783,NEGATIVE,DRIVER_IDENTIFIED,P&L_ACCOUNT
2022-11-01,operating_costs,Operating Costs,-42880086.98,-39065154.005,-3814932.974999994,ACCOUNT,504,Cost of goods sold,Operating Costs,Cost of Goods Sold,-26154082.56,-25148234.415,-1005848.1449999996,16.580753459591875,NEGATIVE,DRIVER_IDENTIFIED,P&L_ACCOUNT
2022-11-01,operating_costs,Operating Costs,-42880086.98,-39065154.005,-3814932.974999994,ACCOUNT,501,Material consumption,Operating Costs,Material Consumption,-7613253.52,-6608006.205,-1005247.3149999995,16.57084916722861,NEGATIVE,DRIVER_IDENTIFIED,P&L_ACCOUNT
2022-11-01,operating_costs,Operating Costs,-42880086.98,-39065154.005,-3814932.974999994,ACCOUNT,548,Other operating expenses,Operating Costs,Other Operating Costs,-1621675.32,-855350.0,-766325.3200000001,12.632375238672688,NEGATIVE,DRIVER_IDENTIFIED,P&L_ACCOUNT
2022-11-01,operating_costs,Operating Costs,-42880086.98,-39065154.005,-3814932.974999994,ACCOUNT,521,Payroll costs (Wages),Operating Costs,Payroll Costs,-1922286.17,-1302302.42,-619983.75,10.220029493322023,NEGATIVE,DRIVER_IDENTIFIED,P&L_ACCOUNT
2023-02-01,operating_costs,Operating Costs,-34854876.07,-39337076.675,4482200.604999997,ACCOUNT,504,Cost of goods sold,Operating Costs,Cost of Goods Sold,-23536950.35,-25116186.935000002,1579236.585000001,25.041246160733483,POSITIVE,DRIVER_IDENTIFIED,P&L_ACCOUNT
2023-02-01,operating_costs,Operating Costs,-34854876.07,-39337076.675,4482200.604999997,ACCOUNT,549,Shortages and damages in operating area,Operating Costs,Shortages & Damages,-2931546.97,-4418638.449999999,1487091.479999999,23.58014256249606,POSITIVE,DRIVER_IDENTIFIED,P&L_ACCOUNT
2023-02-01,operating_costs,Operating Costs,-34854876.07,-39337076.675,4482200.604999997,ACCOUNT,501,Material consumption,Operating Costs,Material Consumption,-5719584.8,-6775111.53,1055526.7300000004,16.737013900399266,POSITIVE,DRIVER_IDENTIFIED,P&L_ACCOUNT
2023-02-01,operating_costs,Operating Costs,-34854876.07,-39337076.675,4482200.604999997,ACCOUNT,521,Payroll costs (Wages),Operating Costs,Payroll Costs,-932801.71,-1496798.1800000002,563996.4700000002,8.943039043801493,POSITIVE,DRIVER_IDENTIFIED,P&L_ACCOUNT
2023-02-01,operating_costs,Operating Costs,-34854876.07,-39337076.675,4482200.604999997,ACCOUNT,511,Repairs and maintenance,Operating Costs,Repairs & Maintenance,-308923.96,254877.105,-563801.0650000001,8.939940594365533,NEGATIVE,DRIVER_IDENTIFIED,P&L_ACCOUNT
2023-04-01,operating_costs,Operating Costs,-34779742.04,-39337076.675,4557334.634999998,ACCOUNT,504,Cost of goods sold,Operating Costs,Cost of Goods Sold,-21209421.97,-25116186.935000002,3906764.9650000036,47.26803249279524,POSITIVE,DRIVER_IDENTIFIED,P&L_ACCOUNT
2023-04-01,operating_costs,Operating Costs,-34779742.04,-39337076.675,4557334.634999998,ACCOUNT,511,Repairs and maintenance,Operating Costs,Repairs & Maintenance,1313631.6,229604.14,1084027.46,13.115671319214425,POSITIVE,DRIVER_IDENTIFIED,P&L_ACCOUNT
2023-04-01,operating_costs,Operating Costs,-34779742.04,-39337076.675,4557334.634999998,ACCOUNT,524,Statutory social and health insurance,Operating Costs,Social & Health Insurance,-1310464.25,-454047.62,-856416.63,10.361803040846652,NEGATIVE,DRIVER_IDENTIFIED,P&L_ACCOUNT
2023-04-01,operating_costs,Operating Costs,-34779742.04,-39337076.675,4557334.634999998,ACCOUNT,549,Shortages and damages in operating area,Operating Costs,Shortages & Damages,-5069521.73,-4313904.16,-755617.5700000003,9.142233067733823,NEGATIVE,DRIVER_IDENTIFIED,P&L_ACCOUNT
2023-04-01,operating_costs,Operating Costs,-34779742.04,-39337076.675,4557334.634999998,ACCOUNT,501,Material consumption,Operating Costs,Material Consumption,-6058185.41,-6775111.53,716926.1200000001,8.674104390381109,POSITIVE,DRIVER_IDENTIFIED,P&L_ACCOUNT
2023-04-01,revenue,Revenue,-7227365.94,-8674371.665,1447005.7249999987,ACCOUNT,602,Revenues from services,Revenue,Sales Revenue,-6761860.66,-8496347.265,1734486.6050000004,79.18658207085156,POSITIVE,DRIVER_IDENTIFIED,P&L_ACCOUNT
2023-04-01,revenue,Revenue,-7227365.94,-8674371.665,1447005.7249999987,ACCOUNT,601,Revenues from own products,Revenue,Sales Revenue,-536560.39,-202018.46000000002,-334541.93,15.27324103842593,NEGATIVE,DRIVER_IDENTIFIED,P&L_ACCOUNT
2023-04-01,revenue,Revenue,-7227365.94,-8674371.665,1447005.7249999987,ACCOUNT,604,Revenues from goods,Revenue,Sales Revenue,71055.11,-50295.784999999996,121350.89499999999,5.540176890722535,POSITIVE,DRIVER_IDENTIFIED,P&L_ACCOUNT
2023-11-01,ebitda,EBITDA,-278721057.34,-134554590.35500002,-144166466.98499995,ACCOUNT,541,Net book value of sold long-term intangible and tangible assets,Non-Core Operating Items,Fixed Asset Disposal Costs,-226674054.0,-46693730.0,-179980324.0,84.23781266688002,NEGATIVE,DRIVER_IDENTIFIED,P&L_ACCOUNT
2023-11-01,ebitda,EBITDA,-278721057.34,-134554590.35500002,-144166466.98499995,ACCOUNT,641,Revenues from sale of long-term intangible and tangible assets,Other Operating Income,Other Operating Income,-4011890.8,-32628489.799999997,28616598.999999996,13.393684665915067,POSITIVE,DRIVER_IDENTIFIED,P&L_ACCOUNT
2023-11-01,ebitda,EBITDA,-278721057.34,-134554590.35500002,-144166466.98499995,ACCOUNT,548,Other operating expenses,Operating Costs,Other Operating Costs,-505000.9,-1357448.35,852447.4500000001,0.3989786605865848,POSITIVE,DRIVER_IDENTIFIED,P&L_ACCOUNT
2023-11-01,ebitda,EBITDA,-278721057.34,-134554590.35500002,-144166466.98499995,ACCOUNT,549,Shortages and damages in operating area,Operating Costs,Shortages & Damages,-4979760.06,-4208391.62,-771368.4399999995,0.3610305210133049,NEGATIVE,DRIVER_IDENTIFIED,P&L_ACCOUNT
2023-11-01,ebitda,EBITDA,-278721057.34,-134554590.35500002,-144166466.98499995,ACCOUNT,504,Cost of goods sold,Operating Costs,Cost of Goods Sold,-24456682.69,-25164867.78,708185.0899999999,0.33145824842996474,POSITIVE,DRIVER_IDENTIFIED,P&L_ACCOUNT
2024-03-01,revenue,Revenue,-9478969.42,-7772233.689999999,-1706735.7300000014,ACCOUNT,601,Revenues from own products,Revenue,Sales Revenue,-604135.07,403448.07,-1007583.1399999999,60.88328630686445,NEGATIVE,DRIVER_IDENTIFIED,P&L_ACCOUNT
2024-03-01,revenue,Revenue,-9478969.42,-7772233.689999999,-1706735.7300000014,ACCOUNT,604,Revenues from goods,Revenue,Sales Revenue,-236037.21,283019.045,-519056.255,31.36401288188868,NEGATIVE,DRIVER_IDENTIFIED,P&L_ACCOUNT
2024-03-01,revenue,Revenue,-9478969.42,-7772233.689999999,-1706735.7300000014,ACCOUNT,602,Revenues from services,Revenue,Sales Revenue,-8638797.14,-8767099.850000001,128302.7100000009,7.752700811246857,POSITIVE,DRIVER_IDENTIFIED,P&L_ACCOUNT
2024-06-01,operating_costs,Operating Costs,-34376774.98,-39896127.31,5519352.330000006,ACCOUNT,504,Cost of goods sold,Operating Costs,Cost of Goods Sold,-22470688.77,-24637064.17,2166375.4000000022,31.49304220681803,POSITIVE,DRIVER_IDENTIFIED,P&L_ACCOUNT
2024-06-01,operating_costs,Operating Costs,-34376774.98,-39896127.31,5519352.330000006,ACCOUNT,549,Shortages and damages in operating area,Operating Costs,Shortages & Damages,-3290324.86,-4848576.915,1558252.0550000002,22.652628781224106,POSITIVE,DRIVER_IDENTIFIED,P&L_ACCOUNT
2024-06-01,operating_costs,Operating Costs,-34376774.98,-39896127.31,5519352.330000006,ACCOUNT,518,Other services,Operating Costs,Other Services,617259.61,-437639.41500000004,1054899.025,15.335282849988118,POSITIVE,DRIVER_IDENTIFIED,P&L_ACCOUNT
2024-06-01,operating_costs,Operating Costs,-34376774.98,-39896127.31,5519352.330000006,ACCOUNT,521,Payroll costs (Wages),Operating Costs,Payroll Costs,-527034.1,-1575366.96,1048332.86,15.23982916662284,POSITIVE,DRIVER_IDENTIFIED,P&L_ACCOUNT
2024-06-01,operating_costs,Operating Costs,-34376774.98,-39896127.31,5519352.330000006,ACCOUNT,548,Other operating expenses,Operating Costs,Other Operating Costs,-929477.21,-498158.94,-431318.26999999996,6.270161894232052,NEGATIVE,DRIVER_IDENTIFIED,P&L_ACCOUNT
2024-10-01,operating_costs,Operating Costs,-43340234.45,-39429520.835,-3910713.615000002,ACCOUNT,548,Other operating expenses,Operating Costs,Other Operating Costs,-2001181.27,-681319.9299999999,-1319861.34,26.883240462992948,NEGATIVE,DRIVER_IDENTIFIED,P&L_ACCOUNT
2024-10-01,operating_costs,Operating Costs,-43340234.45,-39429520.835,-3910713.615000002,ACCOUNT,501,Material consumption,Operating Costs,Material Consumption,-7756614.06,-6768033.82,-988580.2399999993,20.13563054198046,NEGATIVE,DRIVER_IDENTIFIED,P&L_ACCOUNT
2024-10-01,operating_costs,Operating Costs,-43340234.45,-39429520.835,-3910713.615000002,ACCOUNT,524,Statutory social and health insurance,Operating Costs,Social & Health Insurance,-1284399.04,-375343.355,-909055.685,18.51585604750403,NEGATIVE,DRIVER_IDENTIFIED,P&L_ACCOUNT
2024-10-01,operating_costs,Operating Costs,-43340234.45,-39429520.835,-3910713.615000002,ACCOUNT,504,Cost of goods sold,Operating Costs,Cost of Goods Sold,-25250727.64,-24403032.060000002,-847695.5799999982,17.26605926388921,NEGATIVE,DRIVER_IDENTIFIED,P&L_ACCOUNT
2024-10-01,operating_costs,Operating Costs,-43340234.45,-39429520.835,-3910713.615000002,ACCOUNT,549,Shortages and damages in operating area,Operating Costs,Shortages & Damages,-5357523.45,-4904191.234999999,-453332.2150000008,9.233575206821529,NEGATIVE,DRIVER_IDENTIFIED,P&L_ACCOUNT
2025-07-01,closing_cash,Closing Cash,1098975873.09,978314550.9,120661322.18999994,WORKING_CAPITAL_COMPONENT,,Current Liabilities,Working Capital,Current Liabilities,-4292257116.98,-3678007184.99,-614249931.9900002,68.34289460504756,NEGATIVE,DRIVER_IDENTIFIED,WORKING_CAPITAL_COMPONENT
2025-07-01,closing_cash,Closing Cash,1098975873.09,978314550.9,120661322.18999994,WORKING_CAPITAL_COMPONENT,,Cash,Working Capital,Cash,1098975873.09,978314550.9,120661322.18999994,13.425062984738107,POSITIVE,DRIVER_IDENTIFIED,WORKING_CAPITAL_COMPONENT
2025-07-01,closing_cash,Closing Cash,1098975873.09,978314550.9,120661322.18999994,WORKING_CAPITAL_COMPONENT,,Inventory,Working Capital,Inventory,657470179.64,571006396.215,86463783.42499995,9.620164252398531,POSITIVE,DRIVER_IDENTIFIED,WORKING_CAPITAL_COMPONENT
2025-07-01,closing_cash,Closing Cash,1098975873.09,978314550.9,120661322.18999994,WORKING_CAPITAL_COMPONENT,,Receivables,Working Capital,Receivables,-270513658.06,-193112113.93,-77401544.13,8.611878157815806,NEGATIVE,DRIVER_IDENTIFIED,WORKING_CAPITAL_COMPONENT
2025-07-01,closing_cash,Closing Cash,1098975873.09,978314550.9,120661322.18999994,WORKING_CAPITAL_COMPONENT,,Other Current Assets,Working Capital,Other Current Assets,0.0,0.0,0.0,0.0,NEUTRAL,DRIVER_IDENTIFIED,WORKING_CAPITAL_COMPONENT
2025-07-01,ebitda,EBITDA,-385222000.44,-89863043.9,-295358956.53999996,ACCOUNT,541,Net book value of sold long-term intangible and tangible assets,Non-Core Operating Items,Fixed Asset Disposal Costs,-268110286.0,-33442896.0,-234667390.0,78.91922189106535,NEGATIVE,DRIVER_IDENTIFIED,P&L_ACCOUNT
2025-07-01,ebitda,EBITDA,-385222000.44,-89863043.9,-295358956.53999996,ACCOUNT,641,Revenues from sale of long-term intangible and tangible assets,Other Operating Income,Other Operating Income,-63382777.6,-8283272.0,-55099505.6,18.53009959557823,NEGATIVE,DRIVER_IDENTIFIED,P&L_ACCOUNT
2025-07-01,ebitda,EBITDA,-385222000.44,-89863043.9,-295358956.53999996,ACCOUNT,504,Cost of goods sold,Operating Costs,Cost of Goods Sold,-26317453.84,-23960605.09,-2356848.75,0.7926140460544178,NEGATIVE,DRIVER_IDENTIFIED,P&L_ACCOUNT
2025-07-01,ebitda,EBITDA,-385222000.44,-89863043.9,-295358956.53999996,ACCOUNT,549,Shortages and damages in operating area,Operating Costs,Shortages & Damages,-6338138.31,-4970756.535,-1367381.7749999994,0.4598538625712919,NEGATIVE,DRIVER_IDENTIFIED,P&L_ACCOUNT
2025-07-01,ebitda,EBITDA,-385222000.44,-89863043.9,-295358956.53999996,ACCOUNT,518,Other services,Operating Costs,Other Services,-705413.42,65593.9,-771007.3200000001,0.25929166283698657,NEGATIVE,DRIVER_IDENTIFIED,P&L_ACCOUNT
2025-07-01,free_cash_flow,Free Cash Flow,-692083315.85,-148509313.345,-543574002.505,CASH_FLOW_COMPONENT,,Operating Cash Flow,Cash Flow,Operating Cash Flow,-692083315.85,-148509313.345,-543574002.505,52.475812112428876,NEGATIVE,DRIVER_IDENTIFIED,CASH_FLOW_COMPONENT
2025-07-01,free_cash_flow,Free Cash Flow,-692083315.85,-148509313.345,-543574002.505,CASH_FLOW_COMPONENT,,Net Profit,Cash Flow,Net Profit,-395788392.02,-118199560.39,-277588831.63,26.79800598629723,NEGATIVE,DRIVER_IDENTIFIED,CASH_FLOW_COMPONENT
2025-07-01,free_cash_flow,Free Cash Flow,-692083315.85,-148509313.345,-543574002.505,CASH_FLOW_COMPONENT,,Financing Cash Flow,Cash Flow,Financing Cash Flow,-242761647.0,-28068187.305,-214693459.695,20.726181901273897,NEGATIVE,DRIVER_IDENTIFIED,CASH_FLOW_COMPONENT
2025-07-01,free_cash_flow,Free Cash Flow,-692083315.85,-148509313.345,-543574002.505,CASH_FLOW_COMPONENT,,Investing Cash Flow,Cash Flow,Investing Cash Flow,0.0,0.0,0.0,0.0,NEUTRAL,DRIVER_IDENTIFIED,CASH_FLOW_COMPONENT
2025-07-01,net_profit,Net Profit,-395788392.02,-118199560.39,-277588831.63,ACCOUNT,541,Net book value of sold long-term intangible and tangible assets,Non-Core Operating Items,Fixed Asset Disposal Costs,-268110286.0,-33442896.0,-234667390.0,76.111113981594,NEGATIVE,DRIVER_IDENTIFIED,P&L_ACCOUNT
2025-07-01,net_profit,Net Profit,-395788392.02,-118199560.39,-277588831.63,ACCOUNT,641,Revenues from sale of long-term intangible and tangible assets,Other Operating Income,Other Operating Income,-63382777.6,-8283272.0,-55099505.6,17.87076061591292,NEGATIVE,DRIVER_IDENTIFIED,P&L_ACCOUNT
2025-07-01,net_profit,Net Profit,-395788392.02,-118199560.39,-277588831.63,ACCOUNT,504,Cost of goods sold,Operating Costs,Cost of Goods Sold,-26317453.84,-23960605.09,-2356848.75,0.7644112113260703,NEGATIVE,DRIVER_IDENTIFIED,P&L_ACCOUNT
2025-07-01,net_profit,Net Profit,-395788392.02,-118199560.39,-277588831.63,ACCOUNT,551,Depreciation of intangible and tangible fixed assets,EBITDA Adjustments,Depreciation,-1173022.19,-3473743.5300000003,2300721.3400000003,0.7462070641712328,POSITIVE,DRIVER_IDENTIFIED,P&L_ACCOUNT
2025-07-01,net_profit,Net Profit,-395788392.02,-118199560.39,-277588831.63,ACCOUNT,662,Interest revenues,Financial Result,Interest Income,-6364552.86,-4519564.455,-1844988.4050000003,0.5983964060267357,NEGATIVE,DRIVER_IDENTIFIED,P&L_ACCOUNT
2025-07-01,net_working_capital,Net Working Capital,5778189511.65,5034216018.174999,743973493.4750004,WORKING_CAPITAL_COMPONENT,,Current Liabilities,Working Capital,Current Liabilities,-4292257116.98,-3678007184.99,-614249931.9900002,78.9407384645278,NEGATIVE,DRIVER_IDENTIFIED,WORKING_CAPITAL_COMPONENT
2025-07-01,net_working_capital,Net Working Capital,5778189511.65,5034216018.174999,743973493.4750004,WORKING_CAPITAL_COMPONENT,,Inventory,Working Capital,Inventory,657470179.64,571006396.215,86463783.42499995,11.111950622271475,POSITIVE,DRIVER_IDENTIFIED,WORKING_CAPITAL_COMPONENT
2025-07-01,net_working_capital,Net Working Capital,5778189511.65,5034216018.174999,743973493.4750004,WORKING_CAPITAL_COMPONENT,,Receivables,Working Capital,Receivables,-270513658.06,-193112113.93,-77401544.13,9.947310913200731,NEGATIVE,DRIVER_IDENTIFIED,WORKING_CAPITAL_COMPONENT
2025-07-01,net_working_capital,Net Working Capital,5778189511.65,5034216018.174999,743973493.4750004,WORKING_CAPITAL_COMPONENT,,Other Current Assets,Working Capital,Other Current Assets,0.0,0.0,0.0,0.0,NEUTRAL,DRIVER_IDENTIFIED,WORKING_CAPITAL_COMPONENT
2025-07-01,operating_cash_flow,Operating Cash Flow,-692083315.85,-148509313.345,-543574002.505,CASH_FLOW_COMPONENT,,Operating Cash Flow,Cash Flow,Operating Cash Flow,-692083315.85,-148509313.345,-543574002.505,52.475812112428876,NEGATIVE,DRIVER_IDENTIFIED,CASH_FLOW_COMPONENT
2025-07-01,operating_cash_flow,Operating Cash Flow,-692083315.85,-148509313.345,-543574002.505,CASH_FLOW_COMPONENT,,Net Profit,Cash Flow,Net Profit,-395788392.02,-118199560.39,-277588831.63,26.79800598629723,NEGATIVE,DRIVER_IDENTIFIED,CASH_FLOW_COMPONENT
2025-07-01,operating_cash_flow,Operating Cash Flow,-692083315.85,-148509313.345,-543574002.505,CASH_FLOW_COMPONENT,,Financing Cash Flow,Cash Flow,Financing Cash Flow,-242761647.0,-28068187.305,-214693459.695,20.726181901273897,NEGATIVE,DRIVER_IDENTIFIED,CASH_FLOW_COMPONENT
2025-07-01,operating_cash_flow,Operating Cash Flow,-692083315.85,-148509313.345,-543574002.505,CASH_FLOW_COMPONENT,,Investing Cash Flow,Cash Flow,Investing Cash Flow,0.0,0.0,0.0,0.0,NEUTRAL,DRIVER_IDENTIFIED,CASH_FLOW_COMPONENT
2025-07-01,operating_costs,Operating Costs,-44403005.7,-39799487.665,-4603518.035000004,ACCOUNT,504,Cost of goods sold,Operating Costs,Cost of Goods Sold,-26317453.84,-23960605.09,-2356848.75,36.61500193448211,NEGATIVE,DRIVER_IDENTIFIED,P&L_ACCOUNT
2025-07-01,operating_costs,Operating Costs,-44403005.7,-39799487.665,-4603518.035000004,ACCOUNT,549,Shortages and damages in operating area,Operating Costs,Shortages & Damages,-6338138.31,-4970756.535,-1367381.7749999994,21.243062940208006,NEGATIVE,DRIVER_IDENTIFIED,P&L_ACCOUNT
2025-07-01,operating_costs,Operating Costs,-44403005.7,-39799487.665,-4603518.035000004,ACCOUNT,518,Other services,Operating Costs,Other Services,-705413.42,65593.9,-771007.3200000001,11.978042508370496,NEGATIVE,DRIVER_IDENTIFIED,P&L_ACCOUNT
2025-07-01,operating_costs,Operating Costs,-44403005.7,-39799487.665,-4603518.035000004,ACCOUNT,524,Statutory social and health insurance,Operating Costs,Social & Health Insurance,-424502.05,-895593.25,471091.2,7.318672952312913,POSITIVE,DRIVER_IDENTIFIED,P&L_ACCOUNT
2025-07-01,operating_costs,Operating Costs,-44403005.7,-39799487.665,-4603518.035000004,ACCOUNT,548,Other operating expenses,Operating Costs,Other Operating Costs,-1572080.26,-1127270.6949999998,-444809.5650000002,6.910372624866637,NEGATIVE,DRIVER_IDENTIFIED,P&L_ACCOUNT
2025-07-01,revenue,Revenue,-9325931.14,-9297809.765,-28121.375,ACCOUNT,602,Revenues from services,Revenue,Sales Revenue,-9451286.13,-8771681.879999999,-679604.2500000019,59.21762306835797,NEGATIVE,DRIVER_IDENTIFIED,P&L_ACCOUNT
2025-07-01,revenue,Revenue,-9325931.14,-9297809.765,-28121.375,ACCOUNT,604,Revenues from goods,Revenue,Sales Revenue,262719.17,-63430.53999999999,326149.70999999996,28.419202191031335,POSITIVE,DRIVER_IDENTIFIED,P&L_ACCOUNT
2025-07-01,revenue,Revenue,-9325931.14,-9297809.765,-28121.375,ACCOUNT,601,Revenues from own products,Revenue,Sales Revenue,-137364.18,-279248.735,141884.555,12.363174740610704,POSITIVE,DRIVER_IDENTIFIED,P&L_ACCOUNT
2025-12-01,closing_cash,Closing Cash,1191000681.54,1066364788.875,124635892.66499996,WORKING_CAPITAL_COMPONENT,,Current Liabilities,Working Capital,Current Liabilities,-4613138070.94,-4011458749.425,-601679321.5149994,73.95055686343527,NEGATIVE,DRIVER_IDENTIFIED,WORKING_CAPITAL_COMPONENT
2025-12-01,closing_cash,Closing Cash,1191000681.54,1066364788.875,124635892.66499996,WORKING_CAPITAL_COMPONENT,,Cash,Working Capital,Cash,1191000681.54,1066364788.875,124635892.66499996,15.318614647650517,POSITIVE,DRIVER_IDENTIFIED,WORKING_CAPITAL_COMPONENT
2025-12-01,closing_cash,Closing Cash,1191000681.54,1066364788.875,124635892.66499996,WORKING_CAPITAL_COMPONENT,,Inventory,Working Capital,Inventory,721432846.67,638399292.59,83033554.07999992,10.205399027350632,POSITIVE,DRIVER_IDENTIFIED,WORKING_CAPITAL_COMPONENT
2025-12-01,closing_cash,Closing Cash,1191000681.54,1066364788.875,124635892.66499996,WORKING_CAPITAL_COMPONENT,,Receivables,Working Capital,Receivables,-275761389.3,-271486370.21500003,-4275019.084999979,0.5254294615635727,NEGATIVE,DRIVER_IDENTIFIED,WORKING_CAPITAL_COMPONENT
2025-12-01,closing_cash,Closing Cash,1191000681.54,1066364788.875,124635892.66499996,WORKING_CAPITAL_COMPONENT,,Other Current Assets,Working Capital,Other Current Assets,0.0,0.0,0.0,0.0,NEUTRAL,DRIVER_IDENTIFIED,WORKING_CAPITAL_COMPONENT
2025-12-01,ebitda,EBITDA,-202050170.44,-98588567.315,-103461603.125,ACCOUNT,541,Net book value of sold long-term intangible and tangible assets,Non-Core Operating Items,Fixed Asset Disposal Costs,-106015254.0,-39136652.5,-66878601.5,65.1087860827569,NEGATIVE,DRIVER_IDENTIFIED,P&L_ACCOUNT
2025-12-01,ebitda,EBITDA,-202050170.44,-98588567.315,-103461603.125,ACCOUNT,641,Revenues from sale of long-term intangible and tangible assets,Other Operating Income,Other Operating Income,-42919612.0,-14042900.399999999,-28876711.6,28.112544164636343,NEGATIVE,DRIVER_IDENTIFIED,P&L_ACCOUNT
2025-12-01,ebitda,EBITDA,-202050170.44,-98588567.315,-103461603.125,ACCOUNT,504,Cost of goods sold,Operating Costs,Cost of Goods Sold,-26818360.36,-24166808.740000002,-2651551.6199999973,2.581383332514321,NEGATIVE,DRIVER_IDENTIFIED,P&L_ACCOUNT
2025-12-01,ebitda,EBITDA,-202050170.44,-98588567.315,-103461603.125,ACCOUNT,549,Shortages and damages in operating area,Operating Costs,Shortages & Damages,-5419228.87,-4639953.485,-779275.3849999998,0.7586533390881836,NEGATIVE,DRIVER_IDENTIFIED,P&L_ACCOUNT
2025-12-01,ebitda,EBITDA,-202050170.44,-98588567.315,-103461603.125,ACCOUNT,602,Revenues from services,Revenue,Sales Revenue,-9611169.76,-8860913.184999999,-750256.5750000011,0.7304024568883505,NEGATIVE,DRIVER_IDENTIFIED,P&L_ACCOUNT
2025-12-01,free_cash_flow,Free Cash Flow,-316829211.22,-186092370.495,-130736840.72500002,CASH_FLOW_COMPONENT,,Operating Cash Flow,Cash Flow,Operating Cash Flow,-316829211.22,-186092370.495,-130736840.72500002,49.80889973521107,NEGATIVE,DRIVER_IDENTIFIED,CASH_FLOW_COMPONENT
2025-12-01,free_cash_flow,Free Cash Flow,-316829211.22,-186092370.495,-130736840.72500002,CASH_FLOW_COMPONENT,,Net Profit,Cash Flow,Net Profit,-216194240.6,-116312197.55000001,-99882043.04999998,38.05365526684433,NEGATIVE,DRIVER_IDENTIFIED,CASH_FLOW_COMPONENT
2025-12-01,free_cash_flow,Free Cash Flow,-316829211.22,-186092370.495,-130736840.72500002,CASH_FLOW_COMPONENT,,Financing Cash Flow,Cash Flow,Financing Cash Flow,-71769624.7,-39911639.04,-31857985.660000004,12.137444997944606,NEGATIVE,DRIVER_IDENTIFIED,CASH_FLOW_COMPONENT
2025-12-01,free_cash_flow,Free Cash Flow,-316829211.22,-186092370.495,-130736840.72500002,CASH_FLOW_COMPONENT,,Investing Cash Flow,Cash Flow,Investing Cash Flow,0.0,0.0,0.0,0.0,NEUTRAL,DRIVER_IDENTIFIED,CASH_FLOW_COMPONENT
2025-12-01,net_profit,Net Profit,-216194240.6,-116312197.55,-99882043.05,ACCOUNT,541,Net book value of sold long-term intangible and tangible assets,Non-Core Operating Items,Fixed Asset Disposal Costs,-106015254.0,-39136652.5,-66878601.5,62.065740418863236,NEGATIVE,DRIVER_IDENTIFIED,P&L_ACCOUNT
2025-12-01,net_profit,Net Profit,-216194240.6,-116312197.55,-99882043.05,ACCOUNT,641,Revenues from sale of long-term intangible and tangible assets,Other Operating Income,Other Operating Income,-42919612.0,-14042900.399999999,-28876711.6,26.798623866499018,NEGATIVE,DRIVER_IDENTIFIED,P&L_ACCOUNT
2025-12-01,net_profit,Net Profit,-216194240.6,-116312197.55,-99882043.05,ACCOUNT,504,Cost of goods sold,Operating Costs,Cost of Goods Sold,-26818360.36,-24166808.740000002,-2651551.6199999973,2.4607349864236636,NEGATIVE,DRIVER_IDENTIFIED,P&L_ACCOUNT
2025-12-01,net_profit,Net Profit,-216194240.6,-116312197.55,-99882043.05,ACCOUNT,591,Income tax - payable,Tax,Income Tax,-6268466.81,-4898327.515000001,-1370139.294999999,1.2715383981400123,NEGATIVE,DRIVER_IDENTIFIED,P&L_ACCOUNT
2025-12-01,net_profit,Net Profit,-216194240.6,-116312197.55,-99882043.05,ACCOUNT,592,Income tax - deferred,Tax,Income Tax,-597726.9,-1723207.95,1125481.0499999998,1.0444867734808962,POSITIVE,DRIVER_IDENTIFIED,P&L_ACCOUNT
2025-12-01,net_working_capital,Net Working Capital,6249810209.85,5429428662.01,820381547.8400002,WORKING_CAPITAL_COMPONENT,,Current Liabilities,Working Capital,Current Liabilities,-4613138070.94,-4011458749.425,-601679321.5149994,87.32799605927032,NEGATIVE,DRIVER_IDENTIFIED,WORKING_CAPITAL_COMPONENT
2025-12-01,net_working_capital,Net Working Capital,6249810209.85,5429428662.01,820381547.8400002,WORKING_CAPITAL_COMPONENT,,Inventory,Working Capital,Inventory,721432846.67,638399292.59,83033554.07999992,12.051525828122841,POSITIVE,DRIVER_IDENTIFIED,WORKING_CAPITAL_COMPONENT
2025-12-01,net_working_capital,Net Working Capital,6249810209.85,5429428662.01,820381547.8400002,WORKING_CAPITAL_COMPONENT,,Receivables,Working Capital,Receivables,-275761389.3,-271486370.21500003,-4275019.084999979,0.6204781126068277,NEGATIVE,DRIVER_IDENTIFIED,WORKING_CAPITAL_COMPONENT
2025-12-01,net_working_capital,Net Working Capital,6249810209.85,5429428662.01,820381547.8400002,WORKING_CAPITAL_COMPONENT,,Other Current Assets,Working Capital,Other Current Assets,0.0,0.0,0.0,0.0,NEUTRAL,DRIVER_IDENTIFIED,WORKING_CAPITAL_COMPONENT
2025-12-01,operating_cash_flow,Operating Cash Flow,-316829211.22,-186092370.495,-130736840.72500002,CASH_FLOW_COMPONENT,,Operating Cash Flow,Cash Flow,Operating Cash Flow,-316829211.22,-186092370.495,-130736840.72500002,49.80889973521107,NEGATIVE,DRIVER_IDENTIFIED,CASH_FLOW_COMPONENT
2025-12-01,operating_cash_flow,Operating Cash Flow,-316829211.22,-186092370.495,-130736840.72500002,CASH_FLOW_COMPONENT,,Net Profit,Cash Flow,Net Profit,-216194240.6,-116312197.55000001,-99882043.04999998,38.05365526684433,NEGATIVE,DRIVER_IDENTIFIED,CASH_FLOW_COMPONENT
2025-12-01,operating_cash_flow,Operating Cash Flow,-316829211.22,-186092370.495,-130736840.72500002,CASH_FLOW_COMPONENT,,Financing Cash Flow,Cash Flow,Financing Cash Flow,-71769624.7,-39911639.04,-31857985.660000004,12.137444997944606,NEGATIVE,DRIVER_IDENTIFIED,CASH_FLOW_COMPONENT
2025-12-01,operating_cash_flow,Operating Cash Flow,-316829211.22,-186092370.495,-130736840.72500002,CASH_FLOW_COMPONENT,,Investing Cash Flow,Cash Flow,Investing Cash Flow,0.0,0.0,0.0,0.0,NEUTRAL,DRIVER_IDENTIFIED,CASH_FLOW_COMPONENT
2025-12-01,operating_costs,Operating Costs,-42526185.23,-40143550.53,-2382634.6999999955,ACCOUNT,504,Cost of goods sold,Operating Costs,Cost of Goods Sold,-26818360.36,-24166808.740000002,-2651551.6199999973,49.19371585158253,NEGATIVE,DRIVER_IDENTIFIED,P&L_ACCOUNT
2025-12-01,operating_costs,Operating Costs,-42526185.23,-40143550.53,-2382634.6999999955,ACCOUNT,549,Shortages and damages in operating area,Operating Costs,Shortages & Damages,-5419228.87,-4639953.485,-779275.3849999998,14.457742994957274,NEGATIVE,DRIVER_IDENTIFIED,P&L_ACCOUNT
2025-12-01,operating_costs,Operating Costs,-42526185.23,-40143550.53,-2382634.6999999955,ACCOUNT,511,Repairs and maintenance,Operating Costs,Repairs & Maintenance,469438.38,2784.1800000000003,466654.2,8.65774361796041,POSITIVE,DRIVER_IDENTIFIED,P&L_ACCOUNT
2025-12-01,operating_costs,Operating Costs,-42526185.23,-40143550.53,-2382634.6999999955,ACCOUNT,521,Payroll costs (Wages),Operating Costs,Payroll Costs,-1627208.28,-1321515.825,-305692.4550000001,5.671452011649956,NEGATIVE,DRIVER_IDENTIFIED,P&L_ACCOUNT
2025-12-01,operating_costs,Operating Costs,-42526185.23,-40143550.53,-2382634.6999999955,ACCOUNT,518,Other services,Operating Costs,Other Services,-317616.93,-51515.93,-266101.0,4.93691953159938,NEGATIVE,DRIVER_IDENTIFIED,P&L_ACCOUNT
2025-12-01,revenue,Revenue,-10589119.21,-8876993.754999999,-1712125.455000002,ACCOUNT,602,Revenues from services,Revenue,Sales Revenue,-9611169.76,-8860913.184999999,-750256.5750000011,47.69864858722009,NEGATIVE,DRIVER_IDENTIFIED,P&L_ACCOUNT
2025-12-01,revenue,Revenue,-10589119.21,-8876993.754999999,-1712125.455000002,ACCOUNT,604,Revenues from goods,Revenue,Sales Revenue,-583539.53,32353.345,-615892.875,39.15628171868754,NEGATIVE,DRIVER_IDENTIFIED,P&L_ACCOUNT
2025-12-01,revenue,Revenue,-10589119.21,-8876993.754999999,-1712125.455000002,ACCOUNT,601,Revenues from own products,Revenue,Sales Revenue,-394409.92,-187649.87,-206760.05,13.14506969409237,NEGATIVE,DRIVER_IDENTIFIED,P&L_ACCOUNT
2026-05-01,closing_cash,Closing Cash,1297832690.52,1160456798.9450002,137375891.5749998,WORKING_CAPITAL_COMPONENT,,Current Liabilities,Working Capital,Current Liabilities,-4671573166.5,-4504481881.33,-167091285.17000008,33.936783544139686,NEGATIVE,DRIVER_IDENTIFIED,WORKING_CAPITAL_COMPONENT
2026-05-01,closing_cash,Closing Cash,1297832690.52,1160456798.9450002,137375891.5749998,WORKING_CAPITAL_COMPONENT,,Cash,Working Capital,Cash,1297832690.52,1160456798.9450002,137375891.5749998,27.90149044470342,POSITIVE,DRIVER_IDENTIFIED,WORKING_CAPITAL_COMPONENT
2026-05-01,closing_cash,Closing Cash,1297832690.52,1160456798.9450002,137375891.5749998,WORKING_CAPITAL_COMPONENT,,Receivables,Working Capital,Receivables,-419935464.13,-291994507.31,-127940956.82,25.9852245053533,NEGATIVE,DRIVER_IDENTIFIED,WORKING_CAPITAL_COMPONENT
2026-05-01,closing_cash,Closing Cash,1297832690.52,1160456798.9450002,137375891.5749998,WORKING_CAPITAL_COMPONENT,,Inventory,Working Capital,Inventory,762547514.6,702595242.375,59952272.225000024,12.176501505803595,POSITIVE,DRIVER_IDENTIFIED,WORKING_CAPITAL_COMPONENT
2026-05-01,closing_cash,Closing Cash,1297832690.52,1160456798.9450002,137375891.5749998,WORKING_CAPITAL_COMPONENT,,Other Current Assets,Working Capital,Other Current Assets,0.0,0.0,0.0,0.0,NEUTRAL,DRIVER_IDENTIFIED,WORKING_CAPITAL_COMPONENT
2026-05-01,ebitda,EBITDA,-42851694.02,-79209423.935,36357729.915,ACCOUNT,504,Cost of goods sold,Operating Costs,Cost of Goods Sold,-23485545.98,-24806441.259999998,1320895.2799999975,20.406179636476026,POSITIVE,DRIVER_IDENTIFIED,P&L_ACCOUNT
2026-05-01,ebitda,EBITDA,-42851694.02,-79209423.935,36357729.915,ACCOUNT,604,Revenues from goods,Revenue,Sales Revenue,996623.79,-200029.85,1196653.6400000001,18.486801724723374,POSITIVE,DRIVER_IDENTIFIED,P&L_ACCOUNT
2026-05-01,ebitda,EBITDA,-42851694.02,-79209423.935,36357729.915,ACCOUNT,524,Statutory social and health insurance,Operating Costs,Social & Health Insurance,213490.54,-652268.48,865759.02,13.374893794774914,POSITIVE,DRIVER_IDENTIFIED,P&L_ACCOUNT
2026-05-01,ebitda,EBITDA,-42851694.02,-79209423.935,36357729.915,ACCOUNT,518,Other services,Operating Costs,Other Services,420045.69,-356828.71499999997,776874.405,12.001737687646564,POSITIVE,DRIVER_IDENTIFIED,P&L_ACCOUNT
2026-05-01,ebitda,EBITDA,-42851694.02,-79209423.935,36357729.915,ACCOUNT,549,Shortages and damages in operating area,Operating Costs,Shortages & Damages,-4588425.7,-5203821.52,615395.8199999994,9.507095559048766,POSITIVE,DRIVER_IDENTIFIED,P&L_ACCOUNT
2026-05-01,free_cash_flow,Free Cash Flow,-41392430.58,-110732398.655,69339968.075,CASH_FLOW_COMPONENT,,Operating Cash Flow,Cash Flow,Operating Cash Flow,-41392430.58,-110732398.655,69339968.075,47.59073617320212,POSITIVE,DRIVER_IDENTIFIED,CASH_FLOW_COMPONENT
2026-05-01,free_cash_flow,Free Cash Flow,-41392430.58,-110732398.655,69339968.075,CASH_FLOW_COMPONENT,,Net Profit,Cash Flow,Net Profit,-52439116.89,-92085147.98,39646031.09,27.21062409313431,POSITIVE,DRIVER_IDENTIFIED,CASH_FLOW_COMPONENT
2026-05-01,free_cash_flow,Free Cash Flow,-41392430.58,-110732398.655,69339968.075,CASH_FLOW_COMPONENT,,Financing Cash Flow,Cash Flow,Financing Cash Flow,-70222744.08,-33508185.425,-36714558.655,25.198639733663587,NEGATIVE,DRIVER_IDENTIFIED,CASH_FLOW_COMPONENT
2026-05-01,free_cash_flow,Free Cash Flow,-41392430.58,-110732398.655,69339968.075,CASH_FLOW_COMPONENT,,Investing Cash Flow,Cash Flow,Investing Cash Flow,0.0,0.0,0.0,0.0,NEUTRAL,DRIVER_IDENTIFIED,CASH_FLOW_COMPONENT
2026-05-01,net_profit,Net Profit,-52439116.89,-92085147.98,39646031.09,ACCOUNT,568,Other and extraordinary financial expenses,Financial Result,Other Financial Expenses,-3005032.56,-5223709.390000001,2218676.8300000005,19.16135861500254,POSITIVE,DRIVER_IDENTIFIED,P&L_ACCOUNT
2026-05-01,net_profit,Net Profit,-52439116.89,-92085147.98,39646031.09,ACCOUNT,504,Cost of goods sold,Operating Costs,Cost of Goods Sold,-23485545.98,-24806441.259999998,1320895.2799999975,11.407766922478809,POSITIVE,DRIVER_IDENTIFIED,P&L_ACCOUNT
2026-05-01,net_profit,Net Profit,-52439116.89,-92085147.98,39646031.09,ACCOUNT,604,Revenues from goods,Revenue,Sales Revenue,996623.79,-200029.85,1196653.6400000001,10.334767652478773,POSITIVE,DRIVER_IDENTIFIED,P&L_ACCOUNT
2026-05-01,net_profit,Net Profit,-52439116.89,-92085147.98,39646031.09,ACCOUNT,524,Statutory social and health insurance,Operating Costs,Social & Health Insurance,213490.54,-652268.48,865759.02,7.477032631378385,POSITIVE,DRIVER_IDENTIFIED,P&L_ACCOUNT
2026-05-01,net_profit,Net Profit,-52439116.89,-92085147.98,39646031.09,ACCOUNT,592,Income tax - deferred,Tax,Income Tax,-1676759.84,-815769.55,-860990.29,7.43584801880544,NEGATIVE,DRIVER_IDENTIFIED,P&L_ACCOUNT
2026-05-01,net_working_capital,Net Working Capital,6312017907.49,6077002762.615,235015144.875,WORKING_CAPITAL_COMPONENT,,Current Liabilities,Working Capital,Current Liabilities,-4671573166.5,-4504481881.33,-167091285.17000008,47.07002093865974,NEGATIVE,DRIVER_IDENTIFIED,WORKING_CAPITAL_COMPONENT
2026-05-01,net_working_capital,Net Working Capital,6312017907.49,6077002762.615,235015144.875,WORKING_CAPITAL_COMPONENT,,Receivables,Working Capital,Receivables,-419935464.13,-291994507.31,-127940956.82,36.04127833658434,NEGATIVE,DRIVER_IDENTIFIED,WORKING_CAPITAL_COMPONENT
2026-05-01,net_working_capital,Net Working Capital,6312017907.49,6077002762.615,235015144.875,WORKING_CAPITAL_COMPONENT,,Inventory,Working Capital,Inventory,762547514.6,702595242.375,59952272.225000024,16.888700724755925,POSITIVE,DRIVER_IDENTIFIED,WORKING_CAPITAL_COMPONENT
2026-05-01,net_working_capital,Net Working Capital,6312017907.49,6077002762.615,235015144.875,WORKING_CAPITAL_COMPONENT,,Other Current Assets,Working Capital,Other Current Assets,0.0,0.0,0.0,0.0,NEUTRAL,DRIVER_IDENTIFIED,WORKING_CAPITAL_COMPONENT
2026-05-01,operating_cash_flow,Operating Cash Flow,-41392430.58,-110732398.655,69339968.075,CASH_FLOW_COMPONENT,,Operating Cash Flow,Cash Flow,Operating Cash Flow,-41392430.58,-110732398.655,69339968.075,47.59073617320212,POSITIVE,DRIVER_IDENTIFIED,CASH_FLOW_COMPONENT
2026-05-01,operating_cash_flow,Operating Cash Flow,-41392430.58,-110732398.655,69339968.075,CASH_FLOW_COMPONENT,,Net Profit,Cash Flow,Net Profit,-52439116.89,-92085147.98,39646031.09,27.21062409313431,POSITIVE,DRIVER_IDENTIFIED,CASH_FLOW_COMPONENT
2026-05-01,operating_cash_flow,Operating Cash Flow,-41392430.58,-110732398.655,69339968.075,CASH_FLOW_COMPONENT,,Financing Cash Flow,Cash Flow,Financing Cash Flow,-70222744.08,-33508185.425,-36714558.655,25.198639733663587,NEGATIVE,DRIVER_IDENTIFIED,CASH_FLOW_COMPONENT
2026-05-01,operating_cash_flow,Operating Cash Flow,-41392430.58,-110732398.655,69339968.075,CASH_FLOW_COMPONENT,,Investing Cash Flow,Cash Flow,Investing Cash Flow,0.0,0.0,0.0,0.0,NEUTRAL,DRIVER_IDENTIFIED,CASH_FLOW_COMPONENT
2026-05-01,operating_costs,Operating Costs,-35219439.52,-39626295.245,4406855.724999994,ACCOUNT,504,Cost of goods sold,Operating Costs,Cost of Goods Sold,-23485545.98,-24806441.259999998,1320895.2799999975,27.67228913837251,POSITIVE,DRIVER_IDENTIFIED,P&L_ACCOUNT
2026-05-01,operating_costs,Operating Costs,-35219439.52,-39626295.245,4406855.724999994,ACCOUNT,524,Statutory social and health insurance,Operating Costs,Social & Health Insurance,213490.54,-652268.48,865759.02,18.137345396217988,POSITIVE,DRIVER_IDENTIFIED,P&L_ACCOUNT
2026-05-01,operating_costs,Operating Costs,-35219439.52,-39626295.245,4406855.724999994,ACCOUNT,518,Other services,Operating Costs,Other Services,420045.69,-356828.71499999997,776874.405,16.27524413544815,POSITIVE,DRIVER_IDENTIFIED,P&L_ACCOUNT
2026-05-01,operating_costs,Operating Costs,-35219439.52,-39626295.245,4406855.724999994,ACCOUNT,549,Shortages and damages in operating area,Operating Costs,Shortages & Damages,-4588425.7,-5203821.52,615395.8199999994,12.892324867408004,POSITIVE,DRIVER_IDENTIFIED,P&L_ACCOUNT
2026-05-01,operating_costs,Operating Costs,-35219439.52,-39626295.245,4406855.724999994,ACCOUNT,501,Material consumption,Operating Costs,Material Consumption,-6245013.97,-6670281.925000001,425267.955000001,8.909213311780809,POSITIVE,DRIVER_IDENTIFIED,P&L_ACCOUNT
2026-05-01,revenue,Revenue,-7632254.5,-8830233.58,1197979.08,ACCOUNT,604,Revenues from goods,Revenue,Sales Revenue,996623.79,-200029.85,1196653.6400000001,70.40523163555225,POSITIVE,DRIVER_IDENTIFIED,P&L_ACCOUNT
2026-05-01,revenue,Revenue,-7632254.5,-8830233.58,1197979.08,ACCOUNT,601,Revenues from own products,Revenue,Sales Revenue,133065.89,-148066.22499999998,281132.115,16.54043493885809,POSITIVE,DRIVER_IDENTIFIED,P&L_ACCOUNT
2026-05-01,revenue,Revenue,-7632254.5,-8830233.58,1197979.08,ACCOUNT,602,Revenues from services,Revenue,Sales Revenue,-8761944.18,-8983824.219999999,221880.0399999991,13.05433342558966,POSITIVE,DRIVER_IDENTIFIED,P&L_ACCOUNT
2026-06-01,closing_cash,Closing Cash,1319005554.27,1181081648.125,137923906.14499998,WORKING_CAPITAL_COMPONENT,,Receivables,Working Capital,Receivables,-546963643.42,-297604440.65999997,-249359202.76,44.81927594738813,NEGATIVE,DRIVER_IDENTIFIED,WORKING_CAPITAL_COMPONENT
2026-06-01,closing_cash,Closing Cash,1319005554.27,1181081648.125,137923906.14499998,WORKING_CAPITAL_COMPONENT,,Cash,Working Capital,Cash,1319005554.27,1181081648.125,137923906.14499998,24.79014025082543,POSITIVE,DRIVER_IDENTIFIED,WORKING_CAPITAL_COMPONENT
2026-06-01,closing_cash,Closing Cash,1319005554.27,1181081648.125,137923906.14499998,WORKING_CAPITAL_COMPONENT,,Current Liabilities,Working Capital,Current Liabilities,-4682384107.48,-4573300147.719999,-109083959.76000023,19.606511569668417,NEGATIVE,DRIVER_IDENTIFIED,WORKING_CAPITAL_COMPONENT
2026-06-01,closing_cash,Closing Cash,1319005554.27,1181081648.125,137923906.14499998,WORKING_CAPITAL_COMPONENT,,Inventory,Working Capital,Inventory,773937865.21,713938956.315,59998908.89499998,10.784072232118024,POSITIVE,DRIVER_IDENTIFIED,WORKING_CAPITAL_COMPONENT
2026-06-01,closing_cash,Closing Cash,1319005554.27,1181081648.125,137923906.14499998,WORKING_CAPITAL_COMPONENT,,Other Current Assets,Working Capital,Other Current Assets,0.0,0.0,0.0,0.0,NEUTRAL,DRIVER_IDENTIFIED,WORKING_CAPITAL_COMPONENT
2026-06-01,ebitda,EBITDA,-51569579.63,-73758467.05499999,22188887.42499999,ACCOUNT,504,Cost of goods sold,Operating Costs,Cost of Goods Sold,-27733159.88,-24806441.259999998,-2926718.620000001,38.91396126380663,NEGATIVE,DRIVER_IDENTIFIED,P&L_ACCOUNT
2026-06-01,ebitda,EBITDA,-51569579.63,-73758467.05499999,22188887.42499999,ACCOUNT,549,Shortages and damages in operating area,Operating Costs,Shortages & Damages,-3945529.74,-5203821.52,1258291.7799999993,16.73038099763969,POSITIVE,DRIVER_IDENTIFIED,P&L_ACCOUNT
2026-06-01,ebitda,EBITDA,-51569579.63,-73758467.05499999,22188887.42499999,ACCOUNT,604,Revenues from goods,Revenue,Sales Revenue,305333.05,-200029.85,505362.9,6.719358731781662,POSITIVE,DRIVER_IDENTIFIED,P&L_ACCOUNT
2026-06-01,ebitda,EBITDA,-51569579.63,-73758467.05499999,22188887.42499999,ACCOUNT,548,Other operating expenses,Operating Costs,Other Operating Costs,-234923.41,-731464.99,496541.57999999996,6.602069525217745,POSITIVE,DRIVER_IDENTIFIED,P&L_ACCOUNT
2026-06-01,ebitda,EBITDA,-51569579.63,-73758467.05499999,22188887.42499999,ACCOUNT,511,Repairs and maintenance,Operating Costs,Repairs & Maintenance,-364446.42,105835.57999999999,-470282.0,6.252919363688438,NEGATIVE,DRIVER_IDENTIFIED,P&L_ACCOUNT
2026-06-01,free_cash_flow,Free Cash Flow,48872871.91,-109714812.775,158587684.685,CASH_FLOW_COMPONENT,,Operating Cash Flow,Cash Flow,Operating Cash Flow,48872871.91,-109714812.775,158587684.685,61.21613471793229,POSITIVE,DRIVER_IDENTIFIED,CASH_FLOW_COMPONENT
2026-06-01,free_cash_flow,Free Cash Flow,48872871.91,-109714812.775,158587684.685,CASH_FLOW_COMPONENT,,Financing Cash Flow,Cash Flow,Financing Cash Flow,29415146.89,-37410689.864999995,66825836.754999995,25.795315907147238,POSITIVE,DRIVER_IDENTIFIED,CASH_FLOW_COMPONENT
2026-06-01,free_cash_flow,Free Cash Flow,48872871.91,-109714812.775,158587684.685,CASH_FLOW_COMPONENT,,Net Profit,Cash Flow,Net Profit,-56862209.26,-90510592.685,33648383.425000004,12.988549374920463,POSITIVE,DRIVER_IDENTIFIED,CASH_FLOW_COMPONENT
2026-06-01,free_cash_flow,Free Cash Flow,48872871.91,-109714812.775,158587684.685,CASH_FLOW_COMPONENT,,Investing Cash Flow,Cash Flow,Investing Cash Flow,0.0,0.0,0.0,0.0,NEUTRAL,DRIVER_IDENTIFIED,CASH_FLOW_COMPONENT
2026-06-01,net_profit,Net Profit,-56862209.26,-90510592.685,33648383.425000004,ACCOUNT,504,Cost of goods sold,Operating Costs,Cost of Goods Sold,-27733159.88,-24806441.259999998,-2926718.620000001,19.25602547992244,NEGATIVE,DRIVER_IDENTIFIED,P&L_ACCOUNT
2026-06-01,net_profit,Net Profit,-56862209.26,-90510592.685,33648383.425000004,ACCOUNT,663,Foreign exchange gains,Financial Result,FX Gains,-4667682.85,-2196298.63,-2471384.2199999997,16.260202530504355,NEGATIVE,DRIVER_IDENTIFIED,P&L_ACCOUNT
2026-06-01,net_profit,Net Profit,-56862209.26,-90510592.685,33648383.425000004,ACCOUNT,591,Income tax - payable,Tax,Income Tax,-3826989.03,-6242452.66,2415463.6300000004,15.892279116707822,POSITIVE,DRIVER_IDENTIFIED,P&L_ACCOUNT
2026-06-01,net_profit,Net Profit,-56862209.26,-90510592.685,33648383.425000004,ACCOUNT,549,Shortages and damages in operating area,Operating Costs,Shortages & Damages,-3945529.74,-5203821.52,1258291.7799999993,8.278793325494659,POSITIVE,DRIVER_IDENTIFIED,P&L_ACCOUNT
2026-06-01,net_profit,Net Profit,-56862209.26,-90510592.685,33648383.425000004,ACCOUNT,662,Interest revenues,Financial Result,Interest Income,-5613382.42,-4711424.46,-901957.96,5.934333878525997,NEGATIVE,DRIVER_IDENTIFIED,P&L_ACCOUNT
2026-06-01,net_working_capital,Net Working Capital,6228363883.54,6187912024.225,40451859.31499958,WORKING_CAPITAL_COMPONENT,,Receivables,Working Capital,Receivables,-546963643.42,-297604440.65999997,-249359202.76,59.59228762938894,NEGATIVE,DRIVER_IDENTIFIED,WORKING_CAPITAL_COMPONENT
2026-06-01,net_working_capital,Net Working Capital,6228363883.54,6187912024.225,40451859.31499958,WORKING_CAPITAL_COMPONENT,,Current Liabilities,Working Capital,Current Liabilities,-4682384107.48,-4573300147.719999,-109083959.76000023,26.069070777496826,NEGATIVE,DRIVER_IDENTIFIED,WORKING_CAPITAL_COMPONENT
2026-06-01,net_working_capital,Net Working Capital,6228363883.54,6187912024.225,40451859.31499958,WORKING_CAPITAL_COMPONENT,,Inventory,Working Capital,Inventory,773937865.21,713938956.315,59998908.89499998,14.338641593114232,POSITIVE,DRIVER_IDENTIFIED,WORKING_CAPITAL_COMPONENT
2026-06-01,net_working_capital,Net Working Capital,6228363883.54,6187912024.225,40451859.31499958,WORKING_CAPITAL_COMPONENT,,Other Current Assets,Working Capital,Other Current Assets,0.0,0.0,0.0,0.0,NEUTRAL,DRIVER_IDENTIFIED,WORKING_CAPITAL_COMPONENT
2026-06-01,operating_cash_flow,Operating Cash Flow,48872871.91,-109714812.775,158587684.685,CASH_FLOW_COMPONENT,,Operating Cash Flow,Cash Flow,Operating Cash Flow,48872871.91,-109714812.775,158587684.685,61.21613471793229,POSITIVE,DRIVER_IDENTIFIED,CASH_FLOW_COMPONENT
2026-06-01,operating_cash_flow,Operating Cash Flow,48872871.91,-109714812.775,158587684.685,CASH_FLOW_COMPONENT,,Financing Cash Flow,Cash Flow,Financing Cash Flow,29415146.89,-37410689.864999995,66825836.754999995,25.795315907147238,POSITIVE,DRIVER_IDENTIFIED,CASH_FLOW_COMPONENT
2026-06-01,operating_cash_flow,Operating Cash Flow,48872871.91,-109714812.775,158587684.685,CASH_FLOW_COMPONENT,,Net Profit,Cash Flow,Net Profit,-56862209.26,-90510592.685,33648383.425000004,12.988549374920463,POSITIVE,DRIVER_IDENTIFIED,CASH_FLOW_COMPONENT
2026-06-01,operating_cash_flow,Operating Cash Flow,48872871.91,-109714812.775,158587684.685,CASH_FLOW_COMPONENT,,Investing Cash Flow,Cash Flow,Investing Cash Flow,0.0,0.0,0.0,0.0,NEUTRAL,DRIVER_IDENTIFIED,CASH_FLOW_COMPONENT
2026-06-01,operating_costs,Operating Costs,-42734507.23,-39626295.245,-3108211.9849999994,ACCOUNT,504,Cost of goods sold,Operating Costs,Cost of Goods Sold,-27733159.88,-24806441.259999998,-2926718.620000001,44.7054074070027,NEGATIVE,DRIVER_IDENTIFIED,P&L_ACCOUNT
2026-06-01,operating_costs,Operating Costs,-42734507.23,-39626295.245,-3108211.9849999994,ACCOUNT,549,Shortages and damages in operating area,Operating Costs,Shortages & Damages,-3945529.74,-5203821.52,1258291.7799999993,19.220312563488786,POSITIVE,DRIVER_IDENTIFIED,P&L_ACCOUNT
2026-06-01,operating_costs,Operating Costs,-42734507.23,-39626295.245,-3108211.9849999994,ACCOUNT,548,Other operating expenses,Operating Costs,Other Operating Costs,-234923.41,-731464.99,496541.57999999996,7.584635392252642,POSITIVE,DRIVER_IDENTIFIED,P&L_ACCOUNT
2026-06-01,operating_costs,Operating Costs,-42734507.23,-39626295.245,-3108211.9849999994,ACCOUNT,511,Repairs and maintenance,Operating Costs,Repairs & Maintenance,-364446.42,105835.57999999999,-470282.0,7.183522277307286,NEGATIVE,DRIVER_IDENTIFIED,P&L_ACCOUNT
2026-06-01,operating_costs,Operating Costs,-42734507.23,-39626295.245,-3108211.9849999994,ACCOUNT,524,Statutory social and health insurance,Operating Costs,Social & Health Insurance,-933662.88,-566995.87,-366667.01,5.600811076521435,NEGATIVE,DRIVER_IDENTIFIED,P&L_ACCOUNT
2026-06-01,revenue,Revenue,-8835072.4,-8830233.58,-4838.820000000298,ACCOUNT,604,Revenues from goods,Revenue,Sales Revenue,305333.05,-200029.85,505362.9,51.868162491851486,POSITIVE,DRIVER_IDENTIFIED,P&L_ACCOUNT
2026-06-01,revenue,Revenue,-8835072.4,-8830233.58,-4838.820000000298,ACCOUNT,601,Revenues from own products,Revenue,Sales Revenue,-386803.26,-148066.22499999998,-238737.03500000003,24.502889555610107,NEGATIVE,DRIVER_IDENTIFIED,P&L_ACCOUNT
2026-06-01,revenue,Revenue,-8835072.4,-8830233.58,-4838.820000000298,ACCOUNT,602,Revenues from services,Revenue,Sales Revenue,-8753602.19,-8983824.219999999,230222.02999999933,23.628947952538407,POSITIVE,DRIVER_IDENTIFIED,P&L_ACCOUNT
2026-08-01,closing_cash,Closing Cash,1352437919.75,1227712268.35,124725651.4000001,WORKING_CAPITAL_COMPONENT,,Receivables,Working Capital,Receivables,-598369193.33,-318810862.53,-279558330.8000001,54.55854116731753,NEGATIVE,DRIVER_IDENTIFIED,WORKING_CAPITAL_COMPONENT
2026-08-01,closing_cash,Closing Cash,1352437919.75,1227712268.35,124725651.4000001,WORKING_CAPITAL_COMPONENT,,Cash,Working Capital,Cash,1352437919.75,1227712268.35,124725651.4000001,24.3414301661276,POSITIVE,DRIVER_IDENTIFIED,WORKING_CAPITAL_COMPONENT
2026-08-01,closing_cash,Closing Cash,1352437919.75,1227712268.35,124725651.4000001,WORKING_CAPITAL_COMPONENT,,Current Liabilities,Working Capital,Current Liabilities,-4699156207.94,-4629472662.1,-69683545.8399992,13.59942518442113,NEGATIVE,DRIVER_IDENTIFIED,WORKING_CAPITAL_COMPONENT
2026-08-01,closing_cash,Closing Cash,1352437919.75,1227712268.35,124725651.4000001,WORKING_CAPITAL_COMPONENT,,Inventory,Working Capital,Inventory,772214713.15,733781570.6099999,38433142.54000008,7.500603482133742,POSITIVE,DRIVER_IDENTIFIED,WORKING_CAPITAL_COMPONENT
2026-08-01,closing_cash,Closing Cash,1352437919.75,1227712268.35,124725651.4000001,WORKING_CAPITAL_COMPONENT,,Other Current Assets,Working Capital,Other Current Assets,0.0,0.0,0.0,0.0,NEUTRAL,DRIVER_IDENTIFIED,WORKING_CAPITAL_COMPONENT
2026-08-01,ebitda,EBITDA,-11583730.96,-52310788.185,40727057.225,ACCOUNT,504,Cost of goods sold,Operating Costs,Cost of Goods Sold,-5313532.69,-24806441.259999998,19492908.569999997,53.59615885798049,POSITIVE,DRIVER_IDENTIFIED,P&L_ACCOUNT
2026-08-01,ebitda,EBITDA,-11583730.96,-52310788.185,40727057.225,ACCOUNT,602,Revenues from services,Revenue,Sales Revenue,-2359838.04,-8844857.774999999,6485019.7349999985,17.830697079712333,POSITIVE,DRIVER_IDENTIFIED,P&L_ACCOUNT
2026-08-01,ebitda,EBITDA,-11583730.96,-52310788.185,40727057.225,ACCOUNT,501,Material consumption,Operating Costs,Material Consumption,-1851985.12,-6781311.505,4929326.385,13.553285752332172,POSITIVE,DRIVER_IDENTIFIED,P&L_ACCOUNT
2026-08-01,ebitda,EBITDA,-11583730.96,-52310788.185,40727057.225,ACCOUNT,549,Shortages and damages in operating area,Operating Costs,Shortages & Damages,-1037148.81,-4788419.9350000005,3751271.1250000005,10.314198233314508,POSITIVE,DRIVER_IDENTIFIED,P&L_ACCOUNT
2026-08-01,ebitda,EBITDA,-11583730.96,-52310788.185,40727057.225,ACCOUNT,521,Payroll costs (Wages),Operating Costs,Payroll Costs,-644875.77,-1229512.505,584636.7349999999,1.6074709020846263,POSITIVE,DRIVER_IDENTIFIED,P&L_ACCOUNT
2026-08-01,free_cash_flow,Free Cash Flow,127480329.44,-89883122.66499999,217363452.105,CASH_FLOW_COMPONENT,,Operating Cash Flow,Cash Flow,Operating Cash Flow,127480329.44,-89883122.66499999,217363452.105,74.37652077713558,POSITIVE,DRIVER_IDENTIFIED,CASH_FLOW_COMPONENT
2026-08-01,free_cash_flow,Free Cash Flow,127480329.44,-89883122.66499999,217363452.105,CASH_FLOW_COMPONENT,,Net Profit,Cash Flow,Net Profit,-14587782.26,-63676240.7,49088458.440000005,16.796884267906016,POSITIVE,DRIVER_IDENTIFIED,CASH_FLOW_COMPONENT
2026-08-01,free_cash_flow,Free Cash Flow,127480329.44,-89883122.66499999,217363452.105,CASH_FLOW_COMPONENT,,Financing Cash Flow,Cash Flow,Financing Cash Flow,-34598561.88,-8803067.15,-25795494.730000004,8.82659495495841,NEGATIVE,DRIVER_IDENTIFIED,CASH_FLOW_COMPONENT
2026-08-01,free_cash_flow,Free Cash Flow,127480329.44,-89883122.66499999,217363452.105,CASH_FLOW_COMPONENT,,Investing Cash Flow,Cash Flow,Investing Cash Flow,0.0,0.0,0.0,0.0,NEUTRAL,DRIVER_IDENTIFIED,CASH_FLOW_COMPONENT
2026-08-01,net_profit,Net Profit,-14587782.26,-63676240.7,49088458.440000005,ACCOUNT,504,Cost of goods sold,Operating Costs,Cost of Goods Sold,-5313532.69,-24806441.259999998,19492908.569999997,37.61693244670897,POSITIVE,DRIVER_IDENTIFIED,P&L_ACCOUNT
2026-08-01,net_profit,Net Profit,-14587782.26,-63676240.7,49088458.440000005,ACCOUNT,602,Revenues from services,Revenue,Sales Revenue,-2359838.04,-8844857.774999999,6485019.7349999985,12.514630559674837,POSITIVE,DRIVER_IDENTIFIED,P&L_ACCOUNT
2026-08-01,net_profit,Net Profit,-14587782.26,-63676240.7,49088458.440000005,ACCOUNT,501,Material consumption,Operating Costs,Material Consumption,-1851985.12,-6781311.505,4929326.385,9.512492041218515,POSITIVE,DRIVER_IDENTIFIED,P&L_ACCOUNT
2026-08-01,net_profit,Net Profit,-14587782.26,-63676240.7,49088458.440000005,ACCOUNT,549,Shortages and damages in operating area,Operating Costs,Shortages & Damages,-1037148.81,-4788419.9350000005,3751271.1250000005,7.239110161096653,POSITIVE,DRIVER_IDENTIFIED,P&L_ACCOUNT
2026-08-01,net_profit,Net Profit,-14587782.26,-63676240.7,49088458.440000005,ACCOUNT,591,Income tax - payable,Tax,Income Tax,-1440281.84,-5191040.205,3750758.365,7.238120649541098,POSITIVE,DRIVER_IDENTIFIED,P&L_ACCOUNT
2026-08-01,net_working_capital,Net Working Capital,6225439647.51,6252093286.9,-26653639.38999939,WORKING_CAPITAL_COMPONENT,,Receivables,Working Capital,Receivables,-598369193.33,-318810862.53,-279558330.8000001,72.11151530767057,NEGATIVE,DRIVER_IDENTIFIED,WORKING_CAPITAL_COMPONENT
2026-08-01,net_working_capital,Net Working Capital,6225439647.51,6252093286.9,-26653639.38999939,WORKING_CAPITAL_COMPONENT,,Current Liabilities,Working Capital,Current Liabilities,-4699156207.94,-4629472662.1,-69683545.8399992,17.9747320287472,NEGATIVE,DRIVER_IDENTIFIED,WORKING_CAPITAL_COMPONENT
2026-08-01,net_working_capital,Net Working Capital,6225439647.51,6252093286.9,-26653639.38999939,WORKING_CAPITAL_COMPONENT,,Inventory,Working Capital,Inventory,772214713.15,733781570.6099999,38433142.54000008,9.913752663582223,POSITIVE,DRIVER_IDENTIFIED,WORKING_CAPITAL_COMPONENT
2026-08-01,net_working_capital,Net Working Capital,6225439647.51,6252093286.9,-26653639.38999939,WORKING_CAPITAL_COMPONENT,,Other Current Assets,Working Capital,Other Current Assets,0.0,0.0,0.0,0.0,NEUTRAL,DRIVER_IDENTIFIED,WORKING_CAPITAL_COMPONENT
2026-08-01,operating_cash_flow,Operating Cash Flow,127480329.44,-89883122.66499999,217363452.105,CASH_FLOW_COMPONENT,,Operating Cash Flow,Cash Flow,Operating Cash Flow,127480329.44,-89883122.66499999,217363452.105,74.37652077713558,POSITIVE,DRIVER_IDENTIFIED,CASH_FLOW_COMPONENT
2026-08-01,operating_cash_flow,Operating Cash Flow,127480329.44,-89883122.66499999,217363452.105,CASH_FLOW_COMPONENT,,Net Profit,Cash Flow,Net Profit,-14587782.26,-63676240.7,49088458.440000005,16.796884267906016,POSITIVE,DRIVER_IDENTIFIED,CASH_FLOW_COMPONENT
2026-08-01,operating_cash_flow,Operating Cash Flow,127480329.44,-89883122.66499999,217363452.105,CASH_FLOW_COMPONENT,,Financing Cash Flow,Cash Flow,Financing Cash Flow,-34598561.88,-8803067.15,-25795494.730000004,8.82659495495841,NEGATIVE,DRIVER_IDENTIFIED,CASH_FLOW_COMPONENT
2026-08-01,operating_cash_flow,Operating Cash Flow,127480329.44,-89883122.66499999,217363452.105,CASH_FLOW_COMPONENT,,Investing Cash Flow,Cash Flow,Investing Cash Flow,0.0,0.0,0.0,0.0,NEUTRAL,DRIVER_IDENTIFIED,CASH_FLOW_COMPONENT
2026-08-01,operating_costs,Operating Costs,-9391111.06,-40183039.615,30791928.555,ACCOUNT,504,Cost of goods sold,Operating Costs,Cost of Goods Sold,-5313532.69,-24806441.259999998,19492908.569999997,65.62189750987734,POSITIVE,DRIVER_IDENTIFIED,P&L_ACCOUNT
2026-08-01,operating_costs,Operating Costs,-9391111.06,-40183039.615,30791928.555,ACCOUNT,501,Material consumption,Operating Costs,Material Consumption,-1851985.12,-6781311.505,4929326.385,16.594329659301547,POSITIVE,DRIVER_IDENTIFIED,P&L_ACCOUNT
2026-08-01,operating_costs,Operating Costs,-9391111.06,-40183039.615,30791928.555,ACCOUNT,549,Shortages and damages in operating area,Operating Costs,Shortages & Damages,-1037148.81,-4788419.9350000005,3751271.1250000005,12.628465803988142,POSITIVE,DRIVER_IDENTIFIED,P&L_ACCOUNT
2026-08-01,operating_costs,Operating Costs,-9391111.06,-40183039.615,30791928.555,ACCOUNT,521,Payroll costs (Wages),Operating Costs,Payroll Costs,-644875.77,-1229512.505,584636.7349999999,1.9681502002078761,POSITIVE,DRIVER_IDENTIFIED,P&L_ACCOUNT
2026-08-01,operating_costs,Operating Costs,-9391111.06,-40183039.615,30791928.555,ACCOUNT,524,Statutory social and health insurance,Operating Costs,Social & Health Insurance,-302932.2,-703830.365,400898.165,1.349603534077824,POSITIVE,DRIVER_IDENTIFIED,P&L_ACCOUNT
2026-08-01,revenue,Revenue,-2192619.9,-8669566.795,6476946.895,ACCOUNT,602,Revenues from services,Revenue,Sales Revenue,-2359838.04,-8844857.774999999,6485019.7349999985,97.29832072394069,POSITIVE,DRIVER_IDENTIFIED,P&L_ACCOUNT
2026-08-01,revenue,Revenue,-2192619.9,-8669566.795,6476946.895,ACCOUNT,601,Revenues from own products,Revenue,Sales Revenue,167218.14,-12851.189999999988,180069.33000000002,2.7016792760593074,POSITIVE,DRIVER_IDENTIFIED,P&L_ACCOUNT
