period,metric,total_variance,primary_driver_account,primary_driver_name,primary_driver_variance,primary_driver_contribution_pct,top_3_drivers,controller_interpretation
2021-01-01,EBITDA,-260228253.28,641,Other Operating Income,-107829182.0,41.022576281343945,641 Other Operating Income (41.0%) | 541 Fixed Asset Disposal Costs (40.6%) | 504 Cost of Goods Sold (8.8%),UNFAVORABLE
2021-02-01,EBITDA,-259796262.64,541,Fixed Asset Disposal Costs,-197605531.0,75.26354523242942,541 Fixed Asset Disposal Costs (75.3%) | 504 Cost of Goods Sold (9.1%) | 641 Other Operating Income (7.4%),UNFAVORABLE
2021-03-01,EBITDA,-227119593.66,541,Fixed Asset Disposal Costs,-174631237.0,75.90278738682524,541 Fixed Asset Disposal Costs (75.9%) | 504 Cost of Goods Sold (10.6%) | 602 Sales Revenue (3.6%),UNFAVORABLE
2021-04-01,EBITDA,-66105873.28999999,504,Cost of Goods Sold,-23444258.92,34.29600730605609,504 Cost of Goods Sold (34.3%) | 641 Other Operating Income (15.5%) | 602 Sales Revenue (13.3%),UNFAVORABLE
2021-05-01,EBITDA,-127438645.14999999,641,Other Operating Income,-71935509.6,55.89673944469451,641 Other Operating Income (55.9%) | 504 Cost of Goods Sold (18.1%) | 541 Fixed Asset Disposal Costs (7.3%),UNFAVORABLE
2021-06-01,EBITDA,-156008478.02,541,Fixed Asset Disposal Costs,-106878163.0,66.83214442052233,541 Fixed Asset Disposal Costs (66.8%) | 504 Cost of Goods Sold (15.3%) | 602 Sales Revenue (5.2%),UNFAVORABLE
2021-07-01,EBITDA,-160559203.4,541,Fixed Asset Disposal Costs,-70849783.0,43.95811261690316,541 Fixed Asset Disposal Costs (44.0%) | 641 Other Operating Income (26.8%) | 504 Cost of Goods Sold (15.3%),UNFAVORABLE
2021-08-01,EBITDA,-57480114.199999996,504,Cost of Goods Sold,-23887952.93,38.84420811910636,504 Cost of Goods Sold (38.8%) | 602 Sales Revenue (14.1%) | 501 Material Consumption (11.0%),UNFAVORABLE
2021-09-01,EBITDA,-164433781.70999998,541,Fixed Asset Disposal Costs,-113703778.0,67.52432952162168,541 Fixed Asset Disposal Costs (67.5%) | 504 Cost of Goods Sold (14.7%) | 602 Sales Revenue (5.2%),UNFAVORABLE
2021-10-01,EBITDA,-136213605.54999998,541,Fixed Asset Disposal Costs,-90021766.0,63.757008144471214,541 Fixed Asset Disposal Costs (63.8%) | 504 Cost of Goods Sold (16.9%) | 602 Sales Revenue (5.5%),UNFAVORABLE
2021-11-01,EBITDA,-91359770.69,541,Fixed Asset Disposal Costs,-28132539.0,29.161393983576666,541 Fixed Asset Disposal Costs (29.2%) | 504 Cost of Goods Sold (26.0%) | 641 Other Operating Income (16.8%),UNFAVORABLE
2021-12-01,EBITDA,-146555251.9,541,Fixed Asset Disposal Costs,-90196451.0,60.282874764337315,541 Fixed Asset Disposal Costs (60.3%) | 504 Cost of Goods Sold (18.4%) | 602 Sales Revenue (5.6%),UNFAVORABLE
2022-01-01,EBITDA,-52586435.18000001,504,Cost of Goods Sold,-22885372.75,41.137900307603324,504 Cost of Goods Sold (41.1%) | 541 Fixed Asset Disposal Costs (15.9%) | 602 Sales Revenue (14.1%),UNFAVORABLE
2022-02-01,EBITDA,-54320815.489999995,504,Cost of Goods Sold,-23192484.91,42.0052101306086,504 Cost of Goods Sold (42.0%) | 602 Sales Revenue (14.6%) | 501 Material Consumption (11.7%),UNFAVORABLE
2022-03-01,EBITDA,-267722562.4,541,Fixed Asset Disposal Costs,-210633650.0,78.46310288867669,541 Fixed Asset Disposal Costs (78.5%) | 504 Cost of Goods Sold (10.0%) | 602 Sales Revenue (3.4%),UNFAVORABLE
2022-04-01,EBITDA,-150730406.93999997,541,Fixed Asset Disposal Costs,-98530357.0,64.23607601942857,541 Fixed Asset Disposal Costs (64.2%) | 504 Cost of Goods Sold (16.4%) | 602 Sales Revenue (5.4%),UNFAVORABLE
2022-05-01,EBITDA,-77329282.93,504,Cost of Goods Sold,-25290555.2,32.45380486760379,504 Cost of Goods Sold (32.5%) | 641 Other Operating Income (23.7%) | 541 Fixed Asset Disposal Costs (13.5%),UNFAVORABLE
2022-06-01,EBITDA,-220825911.17,541,Fixed Asset Disposal Costs,-167666902.0,75.14077745730341,541 Fixed Asset Disposal Costs (75.1%) | 504 Cost of Goods Sold (10.7%) | 602 Sales Revenue (4.0%),UNFAVORABLE
2022-07-01,EBITDA,-204569695.20999998,641,Other Operating Income,-107199837.2,51.98205940808223,641 Other Operating Income (52.0%) | 541 Fixed Asset Disposal Costs (24.3%) | 504 Cost of Goods Sold (11.5%),UNFAVORABLE
2022-08-01,EBITDA,-354600980.85999995,541,Fixed Asset Disposal Costs,-282647910.0,79.06659590420409,541 Fixed Asset Disposal Costs (79.1%) | 504 Cost of Goods Sold (7.8%) | 641 Other Operating Income (6.6%),UNFAVORABLE
2022-09-01,EBITDA,-64906998.09,504,Cost of Goods Sold,-28020760.06,40.99917339114773,504 Cost of Goods Sold (41.0%) | 541 Fixed Asset Disposal Costs (19.1%) | 602 Sales Revenue (12.5%),UNFAVORABLE
2022-10-01,EBITDA,-89988955.07999998,541,Fixed Asset Disposal Costs,-47468366.0,51.48437737475731,541 Fixed Asset Disposal Costs (51.5%) | 504 Cost of Goods Sold (26.1%) | 602 Sales Revenue (7.7%),UNFAVORABLE
2022-11-01,EBITDA,-167016548.98,541,Fixed Asset Disposal Costs,-62656869.0,36.88741484319416,541 Fixed Asset Disposal Costs (36.9%) | 641 Other Operating Income (31.2%) | 504 Cost of Goods Sold (15.4%),UNFAVORABLE
2022-12-01,EBITDA,-84315306.59,504,Cost of Goods Sold,-22793215.08,26.766873718688416,504 Cost of Goods Sold (26.8%) | 541 Fixed Asset Disposal Costs (23.3%) | 641 Other Operating Income (19.9%),UNFAVORABLE
2023-01-01,EBITDA,-133556458.57,541,Fixed Asset Disposal Costs,-73986569.0,54.41929767990753,541 Fixed Asset Disposal Costs (54.4%) | 504 Cost of Goods Sold (18.4%) | 641 Other Operating Income (7.6%),UNFAVORABLE
2023-02-01,EBITDA,-208635625.35,541,Fixed Asset Disposal Costs,-90894807.0,43.31608589608088,541 Fixed Asset Disposal Costs (43.3%) | 641 Other Operating Income (35.7%) | 504 Cost of Goods Sold (11.2%),UNFAVORABLE
2023-03-01,EBITDA,-76250715.39999999,504,Cost of Goods Sold,-25807035.81,33.32406190874398,504 Cost of Goods Sold (33.3%) | 641 Other Operating Income (22.0%) | 541 Fixed Asset Disposal Costs (12.4%),UNFAVORABLE
2023-04-01,EBITDA,-200106389.73999998,541,Fixed Asset Disposal Costs,-93979015.0,46.12214061177747,541 Fixed Asset Disposal Costs (46.1%) | 641 Other Operating Income (31.9%) | 504 Cost of Goods Sold (10.4%),UNFAVORABLE
2023-05-01,EBITDA,-101667115.2,541,Fixed Asset Disposal Costs,-48451730.0,47.314031790122776,541 Fixed Asset Disposal Costs (47.3%) | 504 Cost of Goods Sold (25.7%) | 602 Sales Revenue (8.3%),UNFAVORABLE
2023-06-01,EBITDA,-163757324.66,641,Other Operating Income,-76039996.0,44.90115039298978,641 Other Operating Income (44.9%) | 541 Fixed Asset Disposal Costs (23.8%) | 504 Cost of Goods Sold (15.2%),UNFAVORABLE
2023-07-01,EBITDA,-140773620.7,641,Other Operating Income,-48182800.8,33.76743655290307,641 Other Operating Income (33.8%) | 541 Fixed Asset Disposal Costs (31.5%) | 504 Cost of Goods Sold (17.0%),UNFAVORABLE
2023-08-01,EBITDA,-134578030.56,641,Other Operating Income,-76331602.0,55.063465054082684,641 Other Operating Income (55.1%) | 504 Cost of Goods Sold (18.3%) | 541 Fixed Asset Disposal Costs (6.7%),UNFAVORABLE
2023-09-01,EBITDA,-128900917.32000001,541,Fixed Asset Disposal Costs,-75245022.0,57.11873849025305,541 Fixed Asset Disposal Costs (57.1%) | 504 Cost of Goods Sold (18.0%) | 602 Sales Revenue (6.1%),UNFAVORABLE
2023-10-01,EBITDA,-66811014.14,504,Cost of Goods Sold,-25293388.71,35.627894859307474,504 Cost of Goods Sold (35.6%) | 641 Other Operating Income (15.9%) | 602 Sales Revenue (13.0%),UNFAVORABLE
2023-11-01,EBITDA,-276947317.76,541,Fixed Asset Disposal Costs,-226674054.0,80.66011865554468,541 Fixed Asset Disposal Costs (80.7%) | 504 Cost of Goods Sold (8.7%) | 602 Sales Revenue (3.1%),UNFAVORABLE
2023-12-01,EBITDA,-86068596.38,641,Other Operating Income,-40297060.0,45.66797416423222,641 Other Operating Income (45.7%) | 504 Cost of Goods Sold (25.5%) | 602 Sales Revenue (9.5%),UNFAVORABLE
2024-01-01,EBITDA,-203983649.74999997,541,Fixed Asset Disposal Costs,-103982604.0,50.12146616262384,541 Fixed Asset Disposal Costs (50.1%) | 641 Other Operating Income (25.0%) | 504 Cost of Goods Sold (12.5%),UNFAVORABLE
2024-02-01,EBITDA,-71745457.39000002,504,Cost of Goods Sold,-24349381.43,33.03610880298546,504 Cost of Goods Sold (33.0%) | 541 Fixed Asset Disposal Costs (29.1%) | 602 Sales Revenue (12.7%),UNFAVORABLE
2024-03-01,EBITDA,-144893744.91,641,Other Operating Income,-90505149.2,60.61300484374323,641 Other Operating Income (60.6%) | 504 Cost of Goods Sold (16.6%) | 602 Sales Revenue (5.8%),UNFAVORABLE
2024-04-01,EBITDA,-233773367.52999997,541,Fixed Asset Disposal Costs,-174766236.0,74.03541158137011,541 Fixed Asset Disposal Costs (74.0%) | 504 Cost of Goods Sold (9.8%) | 641 Other Operating Income (5.4%),UNFAVORABLE
2024-05-01,EBITDA,-147199724.4,541,Fixed Asset Disposal Costs,-92288640.0,62.33450665198942,541 Fixed Asset Disposal Costs (62.3%) | 504 Cost of Goods Sold (16.8%) | 602 Sales Revenue (6.4%),UNFAVORABLE
2024-06-01,EBITDA,-211128864.94,541,Fixed Asset Disposal Costs,-162633471.0,76.12988487899396,541 Fixed Asset Disposal Costs (76.1%) | 504 Cost of Goods Sold (10.5%) | 602 Sales Revenue (3.6%),UNFAVORABLE
2024-07-01,EBITDA,-151222666.33999997,641,Other Operating Income,-64313079.6,41.916355352087194,641 Other Operating Income (41.9%) | 541 Fixed Asset Disposal Costs (24.6%) | 504 Cost of Goods Sold (16.9%),UNFAVORABLE
2024-08-01,EBITDA,-82169131.46999998,541,Fixed Asset Disposal Costs,-33024879.0,38.72470045295244,541 Fixed Asset Disposal Costs (38.7%) | 504 Cost of Goods Sold (26.5%) | 602 Sales Revenue (11.1%),UNFAVORABLE
2024-09-01,EBITDA,-65312860.55000001,504,Cost of Goods Sold,-24014255.62,36.23769582122745,504 Cost of Goods Sold (36.2%) | 541 Fixed Asset Disposal Costs (20.7%) | 602 Sales Revenue (12.0%),UNFAVORABLE
2024-10-01,EBITDA,-165256768.73999998,541,Fixed Asset Disposal Costs,-79348836.0,47.80882509471167,541 Fixed Asset Disposal Costs (47.8%) | 641 Other Operating Income (20.5%) | 504 Cost of Goods Sold (15.2%),UNFAVORABLE
2024-11-01,EBITDA,-94263091.79,641,Other Operating Income,-41602855.6,42.89591484867206,641 Other Operating Income (42.9%) | 504 Cost of Goods Sold (23.4%) | 541 Fixed Asset Disposal Costs (8.4%),UNFAVORABLE
2024-12-01,EBITDA,-84026713.83000001,541,Fixed Asset Disposal Costs,-33860913.0,39.21834157483536,541 Fixed Asset Disposal Costs (39.2%) | 504 Cost of Goods Sold (28.5%) | 602 Sales Revenue (9.2%),UNFAVORABLE
2025-01-01,EBITDA,-161504857.08,541,Fixed Asset Disposal Costs,-93155871.0,57.12164769499493,541 Fixed Asset Disposal Costs (57.1%) | 504 Cost of Goods Sold (16.8%) | 641 Other Operating Income (10.2%),UNFAVORABLE
2025-02-01,EBITDA,-169646952.73999998,541,Fixed Asset Disposal Costs,-117880634.0,68.9426338318239,541 Fixed Asset Disposal Costs (68.9%) | 504 Cost of Goods Sold (13.0%) | 602 Sales Revenue (5.1%),UNFAVORABLE
2025-03-01,EBITDA,-52716931.36000001,504,Cost of Goods Sold,-22949333.9,43.244788021546555,504 Cost of Goods Sold (43.2%) | 602 Sales Revenue (14.9%) | 549 Shortages & Damages (13.5%),UNFAVORABLE
2025-04-01,EBITDA,-152195572.18,541,Fixed Asset Disposal Costs,-73952773.0,48.24626056212776,541 Fixed Asset Disposal Costs (48.2%) | 641 Other Operating Income (18.6%) | 504 Cost of Goods Sold (15.6%),UNFAVORABLE
2025-05-01,EBITDA,-65057048.99,504,Cost of Goods Sold,-22918912.94,34.5552764262092,504 Cost of Goods Sold (34.6%) | 641 Other Operating Income (13.2%) | 602 Sales Revenue (13.0%),UNFAVORABLE
2025-06-01,EBITDA,-53179448.8,504,Cost of Goods Sold,-25416629.97,47.14795648009565,504 Cost of Goods Sold (47.1%) | 602 Sales Revenue (16.7%) | 501 Material Consumption (11.7%),UNFAVORABLE
2025-07-01,EBITDA,-384776291.1100001,541,Fixed Asset Disposal Costs,-268110286.0,69.50410010444918,541 Fixed Asset Disposal Costs (69.5%) | 641 Other Operating Income (16.4%) | 504 Cost of Goods Sold (6.8%),UNFAVORABLE
2025-08-01,EBITDA,-100773469.72999999,541,Fixed Asset Disposal Costs,-44412392.0,42.577921041428155,541 Fixed Asset Disposal Costs (42.6%) | 504 Cost of Goods Sold (23.5%) | 641 Other Operating Income (11.0%),UNFAVORABLE
2025-09-01,EBITDA,-93671358.88999999,641,Other Operating Income,-34593058.8,36.05085236989045,641 Other Operating Income (36.1%) | 504 Cost of Goods Sold (24.6%) | 541 Fixed Asset Disposal Costs (12.0%),UNFAVORABLE
2025-10-01,EBITDA,-94777405.47000001,541,Fixed Asset Disposal Costs,-25716132.0,25.82603379841359,541 Fixed Asset Disposal Costs (25.8%) | 504 Cost of Goods Sold (24.4%) | 641 Other Operating Income (22.0%),UNFAVORABLE
2025-11-01,EBITDA,-142732195.53,541,Fixed Asset Disposal Costs,-63402564.0,43.688017409229424,541 Fixed Asset Disposal Costs (43.7%) | 641 Other Operating Income (23.5%) | 504 Cost of Goods Sold (16.5%),UNFAVORABLE
2025-12-01,EBITDA,-201112758.23,541,Fixed Asset Disposal Costs,-106015254.0,52.22708094961688,541 Fixed Asset Disposal Costs (52.2%) | 641 Other Operating Income (21.1%) | 504 Cost of Goods Sold (13.2%),UNFAVORABLE
2026-01-01,EBITDA,118954295.76,541,Fixed Asset Disposal Costs,97813664.55,77.97900908482592,541 Fixed Asset Disposal Costs (78.0%) | 641 Other Operating Income (13.9%) | 504 Cost of Goods Sold (2.0%),FAVORABLE
2026-02-01,EBITDA,132636104.7,541,Fixed Asset Disposal Costs,123774665.7,89.54106816361033,541 Fixed Asset Disposal Costs (89.5%) | 641 Other Operating Income (5.9%) | 602 Sales Revenue (0.7%),FAVORABLE
2026-03-01,EBITDA,2316911.0600000024,601,Sales Revenue,1945525.7400000002,17.60186031261071,601 Sales Revenue (17.6%) | 541 Fixed Asset Disposal Costs (15.3%) | 602 Sales Revenue (14.5%),FAVORABLE
2026-04-01,EBITDA,111026423.81,541,Fixed Asset Disposal Costs,77650411.65,67.1149648358611,541 Fixed Asset Disposal Costs (67.1%) | 641 Other Operating Income (25.9%) | 502 Energy Consumption (1.6%),FAVORABLE
2026-05-01,EBITDA,24565171.150000002,641,Other Operating Income,9222705.24,34.616420928145736,641 Other Operating Income (34.6%) | 541 Fixed Asset Disposal Costs (33.8%) | 524 Social & Health Insurance (8.6%),FAVORABLE
2026-06-01,EBITDA,5890779.879999999,541,Fixed Asset Disposal Costs,2975461.65,26.778946691891576,541 Fixed Asset Disposal Costs (26.8%) | 641 Other Operating Income (12.6%) | 504 Cost of Goods Sold (9.4%),FAVORABLE
2026-07-01,EBITDA,354708860.22,541,Fixed Asset Disposal Costs,281515800.3,79.01664705699389,541 Fixed Asset Disposal Costs (79.0%) | 641 Other Operating Income (18.7%) | 549 Shortages & Damages (0.6%),FAVORABLE
2026-08-01,EBITDA,94404768.04,541,Fixed Asset Disposal Costs,46633011.6,47.82595330185076,541 Fixed Asset Disposal Costs (47.8%) | 504 Cost of Goods Sold (21.0%) | 641 Other Operating Income (12.4%),FAVORABLE
2026-09-01,EBITDA,98354927.35000001,641,Other Operating Income,36322711.74,36.050852180787714,641 Other Operating Income (36.1%) | 504 Cost of Goods Sold (24.6%) | 541 Fixed Asset Disposal Costs (12.0%),FAVORABLE
2026-10-01,EBITDA,99516276.33,541,Fixed Asset Disposal Costs,27001938.6,25.826033653169716,541 Fixed Asset Disposal Costs (25.8%) | 504 Cost of Goods Sold (24.4%) | 641 Other Operating Income (22.0%),FAVORABLE
2026-11-01,EBITDA,149868805.69,541,Fixed Asset Disposal Costs,66572692.2,43.68801730401032,541 Fixed Asset Disposal Costs (43.7%) | 641 Other Operating Income (23.5%) | 504 Cost of Goods Sold (16.5%),FAVORABLE
2026-12-01,EBITDA,211168396.64000002,541,Fixed Asset Disposal Costs,111316016.7,52.22708082464739,541 Fixed Asset Disposal Costs (52.2%) | 641 Other Operating Income (21.1%) | 504 Cost of Goods Sold (13.2%),FAVORABLE
2021-01-01,NET_PROFIT,-287279300.51,641,Other Operating Income,-107829182.0,35.79621572423642,641 Other Operating Income (35.8%) | 541 Fixed Asset Disposal Costs (35.4%) | 504 Cost of Goods Sold (7.7%),UNFAVORABLE
2021-02-01,NET_PROFIT,-285456165.25,541,Fixed Asset Disposal Costs,-197605531.0,66.67968529035085,541 Fixed Asset Disposal Costs (66.7%) | 504 Cost of Goods Sold (8.1%) | 641 Other Operating Income (6.5%),UNFAVORABLE
2021-03-01,NET_PROFIT,-259709001.85000002,541,Fixed Asset Disposal Costs,-174631237.0,63.00996103100665,541 Fixed Asset Disposal Costs (63.0%) | 504 Cost of Goods Sold (8.8%) | 551 Depreciation (8.0%),UNFAVORABLE
2021-04-01,NET_PROFIT,-82549257.69,504,Cost of Goods Sold,-23444258.92,23.222699028035294,504 Cost of Goods Sold (23.2%) | 641 Other Operating Income (10.5%) | 602 Sales Revenue (9.0%),UNFAVORABLE
2021-05-01,NET_PROFIT,-138767982.25,641,Other Operating Income,-71935509.6,48.057733978298046,641 Other Operating Income (48.1%) | 504 Cost of Goods Sold (15.6%) | 541 Fixed Asset Disposal Costs (6.3%),UNFAVORABLE
2021-06-01,NET_PROFIT,-169665665.60999998,541,Fixed Asset Disposal Costs,-106878163.0,56.62323319680805,541 Fixed Asset Disposal Costs (56.6%) | 504 Cost of Goods Sold (12.9%) | 602 Sales Revenue (4.4%),UNFAVORABLE
2021-07-01,NET_PROFIT,-172114794.13,541,Fixed Asset Disposal Costs,-70849783.0,38.65742710887248,541 Fixed Asset Disposal Costs (38.7%) | 641 Other Operating Income (23.5%) | 504 Cost of Goods Sold (13.5%),UNFAVORABLE
2021-08-01,NET_PROFIT,-69795776.50999999,504,Cost of Goods Sold,-23887952.93,28.561267436765547,504 Cost of Goods Sold (28.6%) | 602 Sales Revenue (10.4%) | 501 Material Consumption (8.1%),UNFAVORABLE
2021-09-01,NET_PROFIT,-181984375.87,541,Fixed Asset Disposal Costs,-113703778.0,57.00907320234023,541 Fixed Asset Disposal Costs (57.0%) | 504 Cost of Goods Sold (12.4%) | 602 Sales Revenue (4.4%),UNFAVORABLE
2021-10-01,NET_PROFIT,-153079811.66,541,Fixed Asset Disposal Costs,-90021766.0,54.13161336986141,541 Fixed Asset Disposal Costs (54.1%) | 504 Cost of Goods Sold (14.4%) | 602 Sales Revenue (4.7%),UNFAVORABLE
2021-11-01,NET_PROFIT,-114233091.38000003,541,Fixed Asset Disposal Costs,-28132539.0,21.800698546371702,541 Fixed Asset Disposal Costs (21.8%) | 504 Cost of Goods Sold (19.5%) | 641 Other Operating Income (12.6%),UNFAVORABLE
2021-12-01,NET_PROFIT,-157904129.08999997,541,Fixed Asset Disposal Costs,-90196451.0,52.01570961337924,541 Fixed Asset Disposal Costs (52.0%) | 504 Cost of Goods Sold (15.8%) | 602 Sales Revenue (4.8%),UNFAVORABLE
2022-01-01,NET_PROFIT,-70658586.92,504,Cost of Goods Sold,-22885372.75,28.699259130829574,504 Cost of Goods Sold (28.7%) | 541 Fixed Asset Disposal Costs (11.1%) | 602 Sales Revenue (9.9%),UNFAVORABLE
2022-02-01,NET_PROFIT,-62561522.81999999,504,Cost of Goods Sold,-23192484.91,31.06545219159947,504 Cost of Goods Sold (31.1%) | 602 Sales Revenue (10.8%) | 501 Material Consumption (8.7%),UNFAVORABLE
2022-03-01,NET_PROFIT,-286931327.82000005,541,Fixed Asset Disposal Costs,-210633650.0,70.9663373094951,541 Fixed Asset Disposal Costs (71.0%) | 504 Cost of Goods Sold (9.1%) | 602 Sales Revenue (3.1%),UNFAVORABLE
2022-04-01,NET_PROFIT,-163763212.73,541,Fixed Asset Disposal Costs,-98530357.0,56.09846836181568,541 Fixed Asset Disposal Costs (56.1%) | 504 Cost of Goods Sold (14.3%) | 602 Sales Revenue (4.7%),UNFAVORABLE
2022-05-01,NET_PROFIT,-91466670.97,504,Cost of Goods Sold,-25290555.2,24.721426777110334,504 Cost of Goods Sold (24.7%) | 641 Other Operating Income (18.1%) | 541 Fixed Asset Disposal Costs (10.3%),UNFAVORABLE
2022-06-01,NET_PROFIT,-235958954.83999997,541,Fixed Asset Disposal Costs,-167666902.0,67.30547114380153,541 Fixed Asset Disposal Costs (67.3%) | 504 Cost of Goods Sold (9.5%) | 602 Sales Revenue (3.6%),UNFAVORABLE
2022-07-01,NET_PROFIT,-224117365.11,641,Other Operating Income,-107199837.2,45.82987109863525,641 Other Operating Income (45.8%) | 541 Fixed Asset Disposal Costs (21.4%) | 504 Cost of Goods Sold (10.2%),UNFAVORABLE
2022-08-01,NET_PROFIT,-396092227.71,541,Fixed Asset Disposal Costs,-282647910.0,69.17748096839263,541 Fixed Asset Disposal Costs (69.2%) | 504 Cost of Goods Sold (6.8%) | 551 Depreciation (5.9%),UNFAVORABLE
2022-09-01,NET_PROFIT,-89147711.43999998,504,Cost of Goods Sold,-28020760.06,27.95486699166555,504 Cost of Goods Sold (28.0%) | 551 Depreciation (13.6%) | 541 Fixed Asset Disposal Costs (13.0%),UNFAVORABLE
2022-10-01,NET_PROFIT,-119785549.29999998,541,Fixed Asset Disposal Costs,-47468366.0,36.495297620657304,541 Fixed Asset Disposal Costs (36.5%) | 504 Cost of Goods Sold (18.5%) | 551 Depreciation (7.1%),UNFAVORABLE
2022-11-01,NET_PROFIT,-198416134.00999996,541,Fixed Asset Disposal Costs,-62656869.0,29.154189319209006,541 Fixed Asset Disposal Costs (29.2%) | 641 Other Operating Income (24.6%) | 504 Cost of Goods Sold (12.2%),UNFAVORABLE
2022-12-01,NET_PROFIT,-104162902.11,504,Cost of Goods Sold,-22793215.08,19.13911201886929,504 Cost of Goods Sold (19.1%) | 541 Fixed Asset Disposal Costs (16.7%) | 641 Other Operating Income (14.2%),UNFAVORABLE
2023-01-01,NET_PROFIT,-148277837.17,541,Fixed Asset Disposal Costs,-73986569.0,45.422313761890784,541 Fixed Asset Disposal Costs (45.4%) | 504 Cost of Goods Sold (15.4%) | 641 Other Operating Income (6.3%),UNFAVORABLE
2023-02-01,NET_PROFIT,-226411333.01,541,Fixed Asset Disposal Costs,-90894807.0,38.66965397016757,541 Fixed Asset Disposal Costs (38.7%) | 641 Other Operating Income (31.9%) | 504 Cost of Goods Sold (10.0%),UNFAVORABLE
2023-03-01,NET_PROFIT,-87970314.47,504,Cost of Goods Sold,-25807035.81,26.314666494208073,504 Cost of Goods Sold (26.3%) | 641 Other Operating Income (17.4%) | 541 Fixed Asset Disposal Costs (9.8%),UNFAVORABLE
2023-04-01,NET_PROFIT,-228293361.32999998,541,Fixed Asset Disposal Costs,-93979015.0,38.660598122665384,541 Fixed Asset Disposal Costs (38.7%) | 641 Other Operating Income (26.7%) | 504 Cost of Goods Sold (8.7%),UNFAVORABLE
2023-05-01,NET_PROFIT,-117457336.42,541,Fixed Asset Disposal Costs,-48451730.0,37.853926595889675,541 Fixed Asset Disposal Costs (37.9%) | 504 Cost of Goods Sold (20.5%) | 602 Sales Revenue (6.6%),UNFAVORABLE
2023-06-01,NET_PROFIT,-198170353.23000002,641,Other Operating Income,-76039996.0,35.197999849205445,641 Other Operating Income (35.2%) | 541 Fixed Asset Disposal Costs (18.6%) | 504 Cost of Goods Sold (11.9%),UNFAVORABLE
2023-07-01,NET_PROFIT,-170576659.54999998,641,Other Operating Income,-48182800.8,26.206923971648514,641 Other Operating Income (26.2%) | 541 Fixed Asset Disposal Costs (24.4%) | 504 Cost of Goods Sold (13.2%),UNFAVORABLE
2023-08-01,NET_PROFIT,-150982691.32999998,641,Other Operating Income,-76331602.0,45.97697519924282,641 Other Operating Income (46.0%) | 504 Cost of Goods Sold (15.3%) | 541 Fixed Asset Disposal Costs (5.6%),UNFAVORABLE
2023-09-01,NET_PROFIT,-172308470.24999997,541,Fixed Asset Disposal Costs,-75245022.0,40.66798853868053,541 Fixed Asset Disposal Costs (40.7%) | 551 Depreciation (16.8%) | 504 Cost of Goods Sold (12.8%),UNFAVORABLE
2023-10-01,NET_PROFIT,-98637065.17999999,504,Cost of Goods Sold,-25293388.71,21.766824572430263,504 Cost of Goods Sold (21.8%) | 551 Depreciation (14.4%) | 641 Other Operating Income (9.7%),UNFAVORABLE
2023-11-01,NET_PROFIT,-299365581.8,541,Fixed Asset Disposal Costs,-226674054.0,72.74360698659864,541 Fixed Asset Disposal Costs (72.7%) | 504 Cost of Goods Sold (7.8%) | 591 Income Tax (3.3%),UNFAVORABLE
2023-12-01,NET_PROFIT,-114627778.5,641,Other Operating Income,-40297060.0,32.46865336709396,641 Other Operating Income (32.5%) | 504 Cost of Goods Sold (18.1%) | 551 Depreciation (7.7%),UNFAVORABLE
2024-01-01,NET_PROFIT,-221888385.95999998,541,Fixed Asset Disposal Costs,-103982604.0,44.01929248185068,541 Fixed Asset Disposal Costs (44.0%) | 641 Other Operating Income (22.0%) | 504 Cost of Goods Sold (11.0%),UNFAVORABLE
2024-02-01,NET_PROFIT,-92308468.67,504,Cost of Goods Sold,-24349381.43,23.13500719700804,504 Cost of Goods Sold (23.1%) | 541 Fixed Asset Disposal Costs (20.4%) | 602 Sales Revenue (8.9%),UNFAVORABLE
2024-03-01,NET_PROFIT,-162848470.25,641,Other Operating Income,-90505149.2,51.07349792735544,641 Other Operating Income (51.1%) | 504 Cost of Goods Sold (14.0%) | 602 Sales Revenue (4.9%),UNFAVORABLE
2024-04-01,NET_PROFIT,-262916459.74999997,541,Fixed Asset Disposal Costs,-174766236.0,62.84118900257215,541 Fixed Asset Disposal Costs (62.8%) | 504 Cost of Goods Sold (8.3%) | 551 Depreciation (5.5%),UNFAVORABLE
2024-05-01,NET_PROFIT,-171183807.74,541,Fixed Asset Disposal Costs,-92288640.0,49.78181658138366,541 Fixed Asset Disposal Costs (49.8%) | 504 Cost of Goods Sold (13.4%) | 551 Depreciation (6.4%),UNFAVORABLE
2024-06-01,NET_PROFIT,-226158352.76000002,541,Fixed Asset Disposal Costs,-162633471.0,68.79313080498319,541 Fixed Asset Disposal Costs (68.8%) | 504 Cost of Goods Sold (9.5%) | 602 Sales Revenue (3.3%),UNFAVORABLE
2024-07-01,NET_PROFIT,-171594859.63,641,Other Operating Income,-64313079.6,34.80913591183406,641 Other Operating Income (34.8%) | 541 Fixed Asset Disposal Costs (20.4%) | 504 Cost of Goods Sold (14.0%),UNFAVORABLE
2024-08-01,NET_PROFIT,-111349359.21,541,Fixed Asset Disposal Costs,-33024879.0,26.24922382529261,541 Fixed Asset Disposal Costs (26.2%) | 504 Cost of Goods Sold (18.0%) | 551 Depreciation (9.8%),UNFAVORABLE
2024-09-01,NET_PROFIT,-81944218.4,504,Cost of Goods Sold,-24014255.62,24.894621380291166,504 Cost of Goods Sold (24.9%) | 541 Fixed Asset Disposal Costs (14.2%) | 662 Interest Income (8.6%),UNFAVORABLE
2024-10-01,NET_PROFIT,-180424424.77,541,Fixed Asset Disposal Costs,-79348836.0,41.293791626299154,541 Fixed Asset Disposal Costs (41.3%) | 641 Other Operating Income (17.7%) | 504 Cost of Goods Sold (13.1%),UNFAVORABLE
2024-11-01,NET_PROFIT,-123834911.47,641,Other Operating Income,-41602855.6,30.702637885266306,641 Other Operating Income (30.7%) | 504 Cost of Goods Sold (16.8%) | 551 Depreciation (16.7%),UNFAVORABLE
2024-12-01,NET_PROFIT,-93114203.63,541,Fixed Asset Disposal Costs,-33860913.0,32.04483523555224,541 Fixed Asset Disposal Costs (32.0%) | 504 Cost of Goods Sold (23.3%) | 602 Sales Revenue (7.5%),UNFAVORABLE
2025-01-01,NET_PROFIT,-172759289.69,541,Fixed Asset Disposal Costs,-93155871.0,50.00041100806979,541 Fixed Asset Disposal Costs (50.0%) | 504 Cost of Goods Sold (14.7%) | 641 Other Operating Income (8.9%),UNFAVORABLE
2025-02-01,NET_PROFIT,-200036574.85,541,Fixed Asset Disposal Costs,-117880634.0,55.8516408671924,541 Fixed Asset Disposal Costs (55.9%) | 504 Cost of Goods Sold (10.5%) | 551 Depreciation (10.1%),UNFAVORABLE
2025-03-01,NET_PROFIT,-99864486.68,551,Depreciation,-30722882.32,27.286819924040024,551 Depreciation (27.3%) | 504 Cost of Goods Sold (20.4%) | 602 Sales Revenue (7.0%),UNFAVORABLE
2025-04-01,NET_PROFIT,-173655485.17999998,541,Fixed Asset Disposal Costs,-73952773.0,39.04815722512548,541 Fixed Asset Disposal Costs (39.0%) | 641 Other Operating Income (15.1%) | 504 Cost of Goods Sold (12.6%),UNFAVORABLE
2025-05-01,NET_PROFIT,-76580295.68,504,Cost of Goods Sold,-22918912.94,26.04489502623652,504 Cost of Goods Sold (26.0%) | 641 Other Operating Income (10.0%) | 602 Sales Revenue (9.8%),UNFAVORABLE
2025-06-01,NET_PROFIT,-68168244.27000001,504,Cost of Goods Sold,-25416629.97,31.241400874194667,504 Cost of Goods Sold (31.2%) | 602 Sales Revenue (11.0%) | 501 Material Consumption (7.8%),UNFAVORABLE
2025-07-01,NET_PROFIT,-398160705.32000005,541,Fixed Asset Disposal Costs,-268110286.0,64.78811560927464,541 Fixed Asset Disposal Costs (64.8%) | 641 Other Operating Income (15.3%) | 504 Cost of Goods Sold (6.4%),UNFAVORABLE
2025-08-01,NET_PROFIT,-113655932.49,541,Fixed Asset Disposal Costs,-44412392.0,35.01370866125594,541 Fixed Asset Disposal Costs (35.0%) | 504 Cost of Goods Sold (19.4%) | 641 Other Operating Income (9.1%),UNFAVORABLE
2025-09-01,NET_PROFIT,-109808088.93999998,641,Other Operating Income,-34593058.8,28.016891720328417,641 Other Operating Income (28.0%) | 504 Cost of Goods Sold (19.1%) | 541 Fixed Asset Disposal Costs (9.3%),UNFAVORABLE
2025-10-01,NET_PROFIT,-119576555.08,541,Fixed Asset Disposal Costs,-25716132.0,18.874471751745237,541 Fixed Asset Disposal Costs (18.9%) | 504 Cost of Goods Sold (17.9%) | 641 Other Operating Income (16.1%),UNFAVORABLE
2025-11-01,NET_PROFIT,-161663605.06000003,541,Fixed Asset Disposal Costs,-63402564.0,36.613725720655516,541 Fixed Asset Disposal Costs (36.6%) | 641 Other Operating Income (19.7%) | 504 Cost of Goods Sold (13.9%),UNFAVORABLE
2025-12-01,NET_PROFIT,-217062344.77999997,541,Fixed Asset Disposal Costs,-106015254.0,46.06305141201465,541 Fixed Asset Disposal Costs (46.1%) | 641 Other Operating Income (18.6%) | 504 Cost of Goods Sold (11.7%),UNFAVORABLE
2026-01-01,NET_PROFIT,109451738.46,541,Fixed Asset Disposal Costs,97813664.55,64.33046126829082,541 Fixed Asset Disposal Costs (64.3%) | 641 Other Operating Income (11.5%) | 662 Interest Income (6.2%),FAVORABLE
2026-02-01,NET_PROFIT,146348211.27,541,Fixed Asset Disposal Costs,123774665.7,67.85334910422108,541 Fixed Asset Disposal Costs (67.9%) | 551 Depreciation (12.2%) | 662 Interest Income (5.9%),FAVORABLE
2026-03-01,NET_PROFIT,21299259.110000003,551,Depreciation,32259026.45,51.390513190929575,551 Depreciation (51.4%) | 662 Interest Income (15.0%) | 663 FX Gains (9.1%),FAVORABLE
2026-04-01,NET_PROFIT,107323875.89000002,541,Fixed Asset Disposal Costs,77650411.65,53.38289631307362,541 Fixed Asset Disposal Costs (53.4%) | 641 Other Operating Income (20.6%) | 662 Interest Income (7.4%),FAVORABLE
2026-05-01,NET_PROFIT,14399679.17,641,Other Operating Income,9222705.24,20.456386054288167,641 Other Operating Income (20.5%) | 541 Fixed Asset Disposal Costs (20.0%) | 662 Interest Income (19.3%),FAVORABLE
2026-06-01,NET_PROFIT,-2480859.120000002,662,Interest Income,-9129894.83,26.332190474741246,662 Interest Income (26.3%) | 663 FX Gains (14.8%) | 541 Fixed Asset Disposal Costs (8.6%),UNFAVORABLE
2026-07-01,NET_PROFIT,333695089.6000001,541,Fixed Asset Disposal Costs,281515800.3,73.71306660128653,541 Fixed Asset Disposal Costs (73.7%) | 641 Other Operating Income (17.4%) | 662 Interest Income (3.4%),FAVORABLE
2026-08-01,NET_PROFIT,93586977.13000001,541,Fixed Asset Disposal Costs,46633011.6,39.401803264390885,541 Fixed Asset Disposal Costs (39.4%) | 504 Cost of Goods Sold (17.3%) | 641 Other Operating Income (10.2%),FAVORABLE
2026-09-01,NET_PROFIT,106561827.46000001,641,Other Operating Income,36322711.74,28.01689159520454,641 Other Operating Income (28.0%) | 504 Cost of Goods Sold (19.1%) | 541 Fixed Asset Disposal Costs (9.3%),FAVORABLE
2026-10-01,NET_PROFIT,110285234.81000002,541,Fixed Asset Disposal Costs,27001938.6,18.87447166651628,541 Fixed Asset Disposal Costs (18.9%) | 504 Cost of Goods Sold (17.9%) | 641 Other Operating Income (16.1%),FAVORABLE
2026-11-01,NET_PROFIT,153284894.14000002,541,Fixed Asset Disposal Costs,66572692.2,36.6137256348725,541 Fixed Asset Disposal Costs (36.6%) | 641 Other Operating Income (19.7%) | 504 Cost of Goods Sold (13.9%),FAVORABLE
2026-12-01,NET_PROFIT,217867085.6,541,Fixed Asset Disposal Costs,111316016.7,46.06305130546314,541 Fixed Asset Disposal Costs (46.1%) | 641 Other Operating Income (18.6%) | 504 Cost of Goods Sold (11.7%),FAVORABLE
2021-01-01,OPERATING_COSTS,-36374666.45,504,Cost of Goods Sold,-23152397.98,59.49812132732993,504 Cost of Goods Sold (59.5%) | 501 Material Consumption (18.2%) | 549 Shortages & Damages (9.9%),UNFAVORABLE
2021-02-01,OPERATING_COSTS,-37466545.050000004,504,Cost of Goods Sold,-23939698.93,63.896200992250286,504 Cost of Goods Sold (63.9%) | 501 Material Consumption (14.0%) | 549 Shortages & Damages (12.5%),UNFAVORABLE
2021-03-01,OPERATING_COSTS,-40960379.510000005,504,Cost of Goods Sold,-24283718.19,59.06527225872736,504 Cost of Goods Sold (59.1%) | 501 Material Consumption (17.4%) | 549 Shortages & Damages (11.2%),UNFAVORABLE
2021-04-01,OPERATING_COSTS,-38755979.54,504,Cost of Goods Sold,-23444258.92,59.34575702025112,504 Cost of Goods Sold (59.3%) | 501 Material Consumption (15.3%) | 549 Shortages & Damages (11.3%),UNFAVORABLE
2021-05-01,OPERATING_COSTS,-38654746.5,504,Cost of Goods Sold,-23285599.06,58.76008769806671,504 Cost of Goods Sold (58.8%) | 501 Material Consumption (16.3%) | 549 Shortages & Damages (15.5%),UNFAVORABLE
2021-06-01,OPERATING_COSTS,-39152295.440000005,504,Cost of Goods Sold,-24420936.89,61.22226870306623,504 Cost of Goods Sold (61.2%) | 501 Material Consumption (16.7%) | 549 Shortages & Damages (9.0%),UNFAVORABLE
2021-07-01,OPERATING_COSTS,-36618568.169999994,504,Cost of Goods Sold,-24727122.75,66.09557602351903,504 Cost of Goods Sold (66.1%) | 501 Material Consumption (17.0%) | 549 Shortages & Damages (10.8%),UNFAVORABLE
2021-08-01,OPERATING_COSTS,-38545853.55,504,Cost of Goods Sold,-23887952.93,58.284021860303824,504 Cost of Goods Sold (58.3%) | 501 Material Consumption (16.5%) | 549 Shortages & Damages (13.8%),UNFAVORABLE
2021-09-01,OPERATING_COSTS,-39605247.12,504,Cost of Goods Sold,-24767828.29,59.161342763788724,504 Cost of Goods Sold (59.2%) | 501 Material Consumption (15.5%) | 549 Shortages & Damages (11.3%),UNFAVORABLE
2021-10-01,OPERATING_COSTS,-37429779.31,504,Cost of Goods Sold,-23873117.77,62.35859550674523,504 Cost of Goods Sold (62.4%) | 501 Material Consumption (16.9%) | 549 Shortages & Damages (11.4%),UNFAVORABLE
2021-11-01,OPERATING_COSTS,-38195722.4,504,Cost of Goods Sold,-25100441.81,59.76543106470146,504 Cost of Goods Sold (59.8%) | 501 Material Consumption (15.6%) | 549 Shortages & Damages (12.1%),UNFAVORABLE
2021-12-01,OPERATING_COSTS,-44379408.43,504,Cost of Goods Sold,-27479192.42,59.20985539308165,504 Cost of Goods Sold (59.2%) | 501 Material Consumption (14.7%) | 549 Shortages & Damages (10.6%),UNFAVORABLE
2022-01-01,OPERATING_COSTS,-34991924.839999996,504,Cost of Goods Sold,-22885372.75,65.02226945913006,504 Cost of Goods Sold (65.0%) | 501 Material Consumption (16.4%) | 549 Shortages & Damages (11.3%),UNFAVORABLE
2022-02-01,OPERATING_COSTS,-38551819.03000001,504,Cost of Goods Sold,-23192484.91,60.15924927420991,504 Cost of Goods Sold (60.2%) | 501 Material Consumption (16.8%) | 549 Shortages & Damages (9.9%),UNFAVORABLE
2022-03-01,OPERATING_COSTS,-41011832.48,504,Cost of Goods Sold,-26951286.25,64.21227215141697,504 Cost of Goods Sold (64.2%) | 501 Material Consumption (16.9%) | 549 Shortages & Damages (12.6%),UNFAVORABLE
2022-04-01,OPERATING_COSTS,-39388497.230000004,504,Cost of Goods Sold,-25196027.02,60.005501652675505,504 Cost of Goods Sold (60.0%) | 501 Material Consumption (17.8%) | 549 Shortages & Damages (13.1%),UNFAVORABLE
2022-05-01,OPERATING_COSTS,-39878691.190000005,504,Cost of Goods Sold,-25290555.2,63.182470101966395,504 Cost of Goods Sold (63.2%) | 501 Material Consumption (17.3%) | 549 Shortages & Damages (11.1%),UNFAVORABLE
2022-06-01,OPERATING_COSTS,-38844651.89,504,Cost of Goods Sold,-23776793.01,60.44884264270618,504 Cost of Goods Sold (60.4%) | 549 Shortages & Damages (14.5%) | 501 Material Consumption (14.5%),UNFAVORABLE
2022-07-01,OPERATING_COSTS,-38810811.46,504,Cost of Goods Sold,-23791526.06,59.92953819500869,504 Cost of Goods Sold (59.9%) | 501 Material Consumption (16.8%) | 549 Shortages & Damages (13.7%),UNFAVORABLE
2022-08-01,OPERATING_COSTS,-39285656.120000005,504,Cost of Goods Sold,-27803070.7,67.69728841203492,504 Cost of Goods Sold (67.7%) | 501 Material Consumption (16.6%) | 549 Shortages & Damages (9.9%),UNFAVORABLE
2022-09-01,OPERATING_COSTS,-41230429.68999999,504,Cost of Goods Sold,-28020760.06,66.96665163420833,504 Cost of Goods Sold (67.0%) | 501 Material Consumption (15.0%) | 549 Shortages & Damages (10.5%),UNFAVORABLE
2022-10-01,OPERATING_COSTS,-35795411.35,504,Cost of Goods Sold,-24080693.24,65.58075626280255,504 Cost of Goods Sold (65.6%) | 501 Material Consumption (15.4%) | 549 Shortages & Damages (11.1%),UNFAVORABLE
2022-11-01,OPERATING_COSTS,-42880086.98,504,Cost of Goods Sold,-26154082.56,58.161786126989014,504 Cost of Goods Sold (58.2%) | 501 Material Consumption (16.9%) | 549 Shortages & Damages (13.8%),UNFAVORABLE
2022-12-01,OPERATING_COSTS,-38676518.46,504,Cost of Goods Sold,-22793215.08,58.93295463906137,504 Cost of Goods Sold (58.9%) | 501 Material Consumption (18.8%) | 549 Shortages & Damages (8.2%),UNFAVORABLE
2023-01-01,OPERATING_COSTS,-41138510.56,504,Cost of Goods Sold,-25036346.85,58.87980878936465,504 Cost of Goods Sold (58.9%) | 501 Material Consumption (15.8%) | 549 Shortages & Damages (9.9%),UNFAVORABLE
2023-02-01,OPERATING_COSTS,-34854876.07,504,Cost of Goods Sold,-23536950.35,66.41446388842846,504 Cost of Goods Sold (66.4%) | 501 Material Consumption (16.1%) | 549 Shortages & Damages (8.3%),UNFAVORABLE
2023-03-01,OPERATING_COSTS,-40421140.8,504,Cost of Goods Sold,-25807035.81,63.01358096494051,504 Cost of Goods Sold (63.0%) | 501 Material Consumption (17.6%) | 549 Shortages & Damages (10.3%),UNFAVORABLE
2023-04-01,OPERATING_COSTS,-34779742.04,504,Cost of Goods Sold,-21209421.97,56.57251747578559,504 Cost of Goods Sold (56.6%) | 501 Material Consumption (16.2%) | 549 Shortages & Damages (13.5%),UNFAVORABLE
2023-05-01,OPERATING_COSTS,-42840833.34,504,Cost of Goods Sold,-26281426.92,60.45633216484136,504 Cost of Goods Sold (60.5%) | 501 Material Consumption (16.0%) | 549 Shortages & Damages (9.1%),UNFAVORABLE
2023-06-01,OPERATING_COSTS,-41327239.89,504,Cost of Goods Sold,-25727025.24,60.97003542116699,504 Cost of Goods Sold (61.0%) | 501 Material Consumption (16.2%) | 549 Shortages & Damages (10.6%),UNFAVORABLE
2023-07-01,OPERATING_COSTS,-40634094.52,504,Cost of Goods Sold,-24322022.63,58.72451458577985,504 Cost of Goods Sold (58.7%) | 501 Material Consumption (15.9%) | 549 Shortages & Damages (12.6%),UNFAVORABLE
2023-08-01,OPERATING_COSTS,-41135827.74999999,504,Cost of Goods Sold,-25410490.99,58.35720572129117,504 Cost of Goods Sold (58.4%) | 501 Material Consumption (15.1%) | 549 Shortages & Damages (9.3%),UNFAVORABLE
2023-09-01,OPERATING_COSTS,-39268819.830000006,504,Cost of Goods Sold,-23771535.37,60.346226543350454,504 Cost of Goods Sold (60.3%) | 501 Material Consumption (17.9%) | 549 Shortages & Damages (12.4%),UNFAVORABLE
2023-10-01,OPERATING_COSTS,-39860451.81,504,Cost of Goods Sold,-25293388.71,61.068535091653445,504 Cost of Goods Sold (61.1%) | 501 Material Consumption (16.7%) | 549 Shortages & Damages (8.8%),UNFAVORABLE
2023-11-01,OPERATING_COSTS,-40416745.690000005,504,Cost of Goods Sold,-24456682.69,60.51126153892971,504 Cost of Goods Sold (60.5%) | 501 Material Consumption (16.8%) | 549 Shortages & Damages (12.3%),UNFAVORABLE
2023-12-01,OPERATING_COSTS,-37804474.35999999,504,Cost of Goods Sold,-22518046.68,58.32413511896141,504 Cost of Goods Sold (58.3%) | 501 Material Consumption (17.4%) | 549 Shortages & Damages (14.2%),UNFAVORABLE
2024-01-01,OPERATING_COSTS,-40459915.74999999,504,Cost of Goods Sold,-26000528.15,62.63678265953975,504 Cost of Goods Sold (62.6%) | 501 Material Consumption (16.6%) | 549 Shortages & Damages (11.6%),UNFAVORABLE
2024-02-01,OPERATING_COSTS,-37995588.269999996,504,Cost of Goods Sold,-24349381.43,64.08475967517899,504 Cost of Goods Sold (64.1%) | 501 Material Consumption (17.5%) | 549 Shortages & Damages (11.7%),UNFAVORABLE
2024-03-01,OPERATING_COSTS,-39413517.599999994,504,Cost of Goods Sold,-24817445.65,58.36216672904558,504 Cost of Goods Sold (58.4%) | 501 Material Consumption (16.2%) | 549 Shortages & Damages (14.1%),UNFAVORABLE
2024-04-01,OPERATING_COSTS,-38091389.2,504,Cost of Goods Sold,-23171953.14,57.95234793279527,504 Cost of Goods Sold (58.0%) | 501 Material Consumption (16.8%) | 549 Shortages & Damages (16.2%),UNFAVORABLE
2024-05-01,OPERATING_COSTS,-39931802.809999995,504,Cost of Goods Sold,-24901119.37,62.101529175900616,504 Cost of Goods Sold (62.1%) | 501 Material Consumption (17.6%) | 549 Shortages & Damages (10.8%),UNFAVORABLE
2024-06-01,OPERATING_COSTS,-34376774.980000004,504,Cost of Goods Sold,-22470688.77,63.099893656771386,504 Cost of Goods Sold (63.1%) | 501 Material Consumption (18.6%) | 549 Shortages & Damages (9.2%),UNFAVORABLE
2024-07-01,OPERATING_COSTS,-39445524.06999999,504,Cost of Goods Sold,-25855615.7,62.55288028463038,504 Cost of Goods Sold (62.6%) | 501 Material Consumption (16.8%) | 549 Shortages & Damages (11.6%),UNFAVORABLE
2024-08-01,OPERATING_COSTS,-36831227.35000001,504,Cost of Goods Sold,-22615324.82,57.491347394948555,504 Cost of Goods Sold (57.5%) | 501 Material Consumption (15.4%) | 549 Shortages & Damages (13.8%),UNFAVORABLE
2024-09-01,OPERATING_COSTS,-40791526.84,504,Cost of Goods Sold,-24014255.62,57.59603255274497,504 Cost of Goods Sold (57.6%) | 501 Material Consumption (14.3%) | 549 Shortages & Damages (13.1%),UNFAVORABLE
2024-10-01,OPERATING_COSTS,-43340234.45,504,Cost of Goods Sold,-25250727.64,57.773661874451285,504 Cost of Goods Sold (57.8%) | 501 Material Consumption (17.7%) | 549 Shortages & Damages (12.3%),UNFAVORABLE
2024-11-01,OPERATING_COSTS,-38867690.89000001,504,Cost of Goods Sold,-22734012.92,58.490773183155774,504 Cost of Goods Sold (58.5%) | 501 Material Consumption (17.1%) | 549 Shortages & Damages (12.4%),UNFAVORABLE
2024-12-01,OPERATING_COSTS,-40638245.65,504,Cost of Goods Sold,-24600737.26,59.83177949544496,504 Cost of Goods Sold (59.8%) | 501 Material Consumption (16.6%) | 549 Shortages & Damages (13.2%),UNFAVORABLE
2025-01-01,OPERATING_COSTS,-42716546.93,504,Cost of Goods Sold,-27352922.15,62.58464399562034,504 Cost of Goods Sold (62.6%) | 501 Material Consumption (17.0%) | 549 Shortages & Damages (9.1%),UNFAVORABLE
2025-02-01,OPERATING_COSTS,-35157952.89,504,Cost of Goods Sold,-22165577.85,61.42061134632769,504 Cost of Goods Sold (61.4%) | 501 Material Consumption (16.8%) | 549 Shortages & Damages (10.7%),UNFAVORABLE
2025-03-01,OPERATING_COSTS,-40180225.24999999,504,Cost of Goods Sold,-22949333.9,56.30757809113145,504 Cost of Goods Sold (56.3%) | 549 Shortages & Damages (17.6%) | 501 Material Consumption (17.3%),UNFAVORABLE
2025-04-01,OPERATING_COSTS,-40153451.260000005,504,Cost of Goods Sold,-23906954.56,59.334726180229055,504 Cost of Goods Sold (59.3%) | 501 Material Consumption (17.3%) | 549 Shortages & Damages (12.7%),UNFAVORABLE
2025-05-01,OPERATING_COSTS,-38978111.51000001,504,Cost of Goods Sold,-22918912.94,57.377838755666296,504 Cost of Goods Sold (57.4%) | 501 Material Consumption (16.5%) | 549 Shortages & Damages (9.7%),UNFAVORABLE
2025-06-01,OPERATING_COSTS,-39118940.69,504,Cost of Goods Sold,-25416629.97,64.4915252734431,504 Cost of Goods Sold (64.5%) | 501 Material Consumption (16.1%) | 549 Shortages & Damages (10.2%),UNFAVORABLE
2025-07-01,OPERATING_COSTS,-44403005.699999996,504,Cost of Goods Sold,-26317453.84,59.269532377624614,504 Cost of Goods Sold (59.3%) | 501 Material Consumption (14.7%) | 549 Shortages & Damages (14.3%),UNFAVORABLE
2025-08-01,OPERATING_COSTS,-38144710.91,504,Cost of Goods Sold,-24561912.66,62.95949748397721,504 Cost of Goods Sold (63.0%) | 501 Material Consumption (16.6%) | 549 Shortages & Damages (10.7%),UNFAVORABLE
2025-09-01,OPERATING_COSTS,-40232429.43000001,504,Cost of Goods Sold,-23566758.16,55.72899119874174,504 Cost of Goods Sold (55.7%) | 501 Material Consumption (17.6%) | 549 Shortages & Damages (14.8%),UNFAVORABLE
2025-10-01,OPERATING_COSTS,-40133649.800000004,504,Cost of Goods Sold,-24328604.85,58.01284558654726,504 Cost of Goods Sold (58.0%) | 501 Material Consumption (17.9%) | 549 Shortages & Damages (13.2%),UNFAVORABLE
2025-11-01,OPERATING_COSTS,-37221575.71000001,504,Cost of Goods Sold,-24005012.63,62.42719193317129,504 Cost of Goods Sold (62.4%) | 501 Material Consumption (17.2%) | 549 Shortages & Damages (10.3%),UNFAVORABLE
2025-12-01,OPERATING_COSTS,-42526185.23,504,Cost of Goods Sold,-26818360.36,61.70095964931581,504 Cost of Goods Sold (61.7%) | 501 Material Consumption (15.9%) | 549 Shortages & Damages (12.5%),UNFAVORABLE
2026-01-01,OPERATING_COSTS,1506954.5599999996,504,Cost of Goods Sold,2513846.2699999996,31.851140180904252,504 Cost of Goods Sold (31.9%) | 549 Shortages & Damages (19.9%) | 518 Other Services (18.9%),FAVORABLE
2026-02-01,OPERATING_COSTS,372835.9500000037,548,Other Operating Costs,988054.3400000001,20.974868235768696,548 Other Operating Costs (21.0%) | 549 Shortages & Damages (20.0%) | 524 Social & Health Insurance (18.3%),FAVORABLE
2026-03-01,OPERATING_COSTS,82115.97000000096,549,Shortages & Damages,1471395.5300000003,34.26891385623863,549 Shortages & Damages (34.3%) | 504 Cost of Goods Sold (22.2%) | 501 Material Consumption (14.1%),FAVORABLE
2026-04-01,OPERATING_COSTS,3416590.619999999,502,Energy Consumption,1869189.63,28.868808803882757,502 Energy Consumption (28.9%) | 549 Shortages & Damages (14.0%) | 518 Other Services (12.5%),FAVORABLE
2026-05-01,OPERATING_COSTS,5707578.079999998,524,Social & Health Insurance,2280025.69,32.77922522464306,524 Social & Health Insurance (32.8%) | 502 Energy Consumption (16.8%) | 501 Material Consumption (9.7%),FAVORABLE
2026-06-01,OPERATING_COSTS,-1659619.3200000003,504,Cost of Goods Sold,-1045698.3200000003,22.135996763096927,504 Cost of Goods Sold (22.1%) | 524 Social & Health Insurance (20.8%) | 548 Other Operating Costs (13.4%),UNFAVORABLE
2026-07-01,OPERATING_COSTS,4373166.549999999,549,Shortages & Damages,2248497.9499999993,36.44682324295642,549 Shortages & Damages (36.4%) | 521 Payroll Costs (15.0%) | 504 Cost of Goods Sold (14.6%),FAVORABLE
2026-08-01,OPERATING_COSTS,30660835.7,504,Cost of Goods Sold,20476475.639999997,65.06325319003015,504 Cost of Goods Sold (65.1%) | 501 Material Consumption (15.8%) | 549 Shortages & Damages (10.6%),FAVORABLE
2026-09-01,OPERATING_COSTS,42244051.260000005,504,Cost of Goods Sold,24745096.2,55.7289910686654,504 Cost of Goods Sold (55.7%) | 501 Material Consumption (17.6%) | 549 Shortages & Damages (14.8%),FAVORABLE
2026-10-01,OPERATING_COSTS,42140332.71,504,Cost of Goods Sold,25545035.18,58.01284522533384,504 Cost of Goods Sold (58.0%) | 501 Material Consumption (17.9%) | 549 Shortages & Damages (13.2%),FAVORABLE
2026-11-01,OPERATING_COSTS,39082654.78999999,504,Cost of Goods Sold,25205263.38,62.42719177905113,504 Cost of Goods Sold (62.4%) | 501 Material Consumption (17.2%) | 549 Shortages & Damages (10.3%),FAVORABLE
2026-12-01,OPERATING_COSTS,44652494.9,504,Cost of Goods Sold,28159278.47,61.70095929592316,504 Cost of Goods Sold (61.7%) | 501 Material Consumption (15.9%) | 549 Shortages & Damages (12.5%),FAVORABLE
2021-01-01,REVENUE,-9271506.6,602,Sales Revenue,-8660080.68,91.00266771940149,602 Sales Revenue (91.0%) | 604 Sales Revenue (7.7%) | 601 Sales Revenue (1.3%),UNFAVORABLE
2021-02-01,REVENUE,-5795763.390000001,602,Sales Revenue,-6947629.78,85.7785426917487,602 Sales Revenue (85.8%) | 604 Sales Revenue (9.6%) | 601 Sales Revenue (4.6%),UNFAVORABLE
2021-03-01,REVENUE,-7779051.090000001,602,Sales Revenue,-8388981.46,89.22329602668533,602 Sales Revenue (89.2%) | 601 Sales Revenue (8.6%) | 604 Sales Revenue (2.1%),UNFAVORABLE
2021-04-01,REVENUE,-9210169.600000001,602,Sales Revenue,-9109256.73,86.11431738490012,602 Sales Revenue (86.1%) | 604 Sales Revenue (7.4%) | 601 Sales Revenue (6.5%),UNFAVORABLE
2021-05-01,REVENUE,-7772793.73,602,Sales Revenue,-6750628.83,86.84945290578294,602 Sales Revenue (86.8%) | 601 Sales Revenue (10.2%) | 604 Sales Revenue (3.0%),UNFAVORABLE
2021-06-01,REVENUE,-7836161.75,602,Sales Revenue,-8372339.71,82.96617321663527,602 Sales Revenue (83.0%) | 601 Sales Revenue (11.2%) | 604 Sales Revenue (5.9%),UNFAVORABLE
2021-07-01,REVENUE,-9782161.680000002,602,Sales Revenue,-8347773.7,85.33669727691519,602 Sales Revenue (85.3%) | 604 Sales Revenue (7.9%) | 601 Sales Revenue (6.8%),UNFAVORABLE
2021-08-01,REVENUE,-8762319.159999998,602,Sales Revenue,-8697619.77,89.68636151769577,602 Sales Revenue (89.7%) | 604 Sales Revenue (5.5%) | 601 Sales Revenue (4.8%),UNFAVORABLE
2021-09-01,REVENUE,-7964188.369999999,602,Sales Revenue,-8815371.37,91.19455632876145,602 Sales Revenue (91.2%) | 601 Sales Revenue (7.3%) | 604 Sales Revenue (1.5%),UNFAVORABLE
2021-10-01,REVENUE,-5918231.210000001,602,Sales Revenue,-7776598.16,80.7122607214091,602 Sales Revenue (80.7%) | 601 Sales Revenue (13.4%) | 604 Sales Revenue (5.9%),UNFAVORABLE
2021-11-01,REVENUE,-9112830.13,602,Sales Revenue,-9221866.55,90.90796491625343,602 Sales Revenue (90.9%) | 601 Sales Revenue (5.1%) | 604 Sales Revenue (4.0%),UNFAVORABLE
2021-12-01,REVENUE,-8402233.719999999,602,Sales Revenue,-8360867.31,94.83186242443877,602 Sales Revenue (94.8%) | 604 Sales Revenue (2.8%) | 601 Sales Revenue (2.3%),UNFAVORABLE
2022-01-01,REVENUE,-6739553.95,602,Sales Revenue,-7866698.03,87.46760209691962,602 Sales Revenue (87.5%) | 601 Sales Revenue (7.1%) | 604 Sales Revenue (5.4%),UNFAVORABLE
2022-02-01,REVENUE,-7930526.78,602,Sales Revenue,-8039938.1,94.75056855139269,602 Sales Revenue (94.8%) | 604 Sales Revenue (3.3%) | 601 Sales Revenue (2.0%),UNFAVORABLE
2022-03-01,REVENUE,-9632863.55,602,Sales Revenue,-9154658.19,95.0356884272486,602 Sales Revenue (95.0%) | 604 Sales Revenue (4.7%) | 601 Sales Revenue (0.3%),UNFAVORABLE
2022-04-01,REVENUE,-8326267.13,602,Sales Revenue,-8259096.41,96.15099207427392,602 Sales Revenue (96.2%) | 604 Sales Revenue (2.3%) | 601 Sales Revenue (1.5%),UNFAVORABLE
2022-05-01,REVENUE,-8852259.05,602,Sales Revenue,-8052342.73,90.96370411799009,602 Sales Revenue (91.0%) | 601 Sales Revenue (6.4%) | 604 Sales Revenue (2.6%),UNFAVORABLE
2022-06-01,REVENUE,-8053369.059999999,602,Sales Revenue,-9001908.44,90.46736993993903,602 Sales Revenue (90.5%) | 601 Sales Revenue (5.9%) | 604 Sales Revenue (3.7%),UNFAVORABLE
2022-07-01,REVENUE,-9304011.06,602,Sales Revenue,-8846777.73,95.08563213165398,602 Sales Revenue (95.1%) | 604 Sales Revenue (3.9%) | 601 Sales Revenue (1.0%),UNFAVORABLE
2022-08-01,REVENUE,-9316910.21,602,Sales Revenue,-9367392.05,93.15643121468584,602 Sales Revenue (93.2%) | 604 Sales Revenue (3.7%) | 601 Sales Revenue (3.2%),UNFAVORABLE
2022-09-01,REVENUE,-8226871.5,602,Sales Revenue,-8530595.44,77.95585638936788,602 Sales Revenue (78.0%) | 604 Sales Revenue (12.4%) | 601 Sales Revenue (9.6%),UNFAVORABLE
2022-10-01,REVENUE,-6788009.97,602,Sales Revenue,-7109057.96,89.69703479300182,602 Sales Revenue (89.7%) | 601 Sales Revenue (7.2%) | 604 Sales Revenue (3.1%),UNFAVORABLE
2022-11-01,REVENUE,-9281059.91,602,Sales Revenue,-8951099.33,96.44479635731604,602 Sales Revenue (96.4%) | 601 Sales Revenue (3.3%) | 604 Sales Revenue (0.2%),UNFAVORABLE
2022-12-01,REVENUE,-8903025.09,602,Sales Revenue,-8462099.09,87.71193774589278,602 Sales Revenue (87.7%) | 604 Sales Revenue (8.4%) | 601 Sales Revenue (3.9%),UNFAVORABLE
2023-01-01,REVENUE,-8469215.639999999,602,Sales Revenue,-8267648.22,90.06440931585973,602 Sales Revenue (90.1%) | 601 Sales Revenue (6.1%) | 604 Sales Revenue (3.9%),UNFAVORABLE
2023-02-01,REVENUE,-8573483.27,602,Sales Revenue,-7956506.4,92.80366158573027,602 Sales Revenue (92.8%) | 601 Sales Revenue (6.3%) | 604 Sales Revenue (0.9%),UNFAVORABLE
2023-03-01,REVENUE,-8775260.06,602,Sales Revenue,-9306741.27,94.59779232396461,602 Sales Revenue (94.6%) | 601 Sales Revenue (3.4%) | 604 Sales Revenue (2.0%),UNFAVORABLE
2023-04-01,REVENUE,-7227365.9399999995,602,Sales Revenue,-6761860.66,91.75497027457648,602 Sales Revenue (91.8%) | 601 Sales Revenue (7.3%) | 604 Sales Revenue (1.0%),UNFAVORABLE
2023-05-01,REVENUE,-8179706.799999999,602,Sales Revenue,-8482894.04,96.54923246965454,602 Sales Revenue (96.5%) | 604 Sales Revenue (3.5%),UNFAVORABLE
2023-06-01,REVENUE,-7195597.640000001,602,Sales Revenue,-9023056.56,83.15786080976127,602 Sales Revenue (83.2%) | 601 Sales Revenue (9.4%) | 604 Sales Revenue (7.5%),UNFAVORABLE
2023-07-01,REVENUE,-7452532.169999999,602,Sales Revenue,-7674654.89,94.11615366279858,602 Sales Revenue (94.1%) | 604 Sales Revenue (4.3%) | 601 Sales Revenue (1.6%),UNFAVORABLE
2023-08-01,REVENUE,-8523660.959999999,602,Sales Revenue,-9009561.62,94.88281196142037,602 Sales Revenue (94.9%) | 604 Sales Revenue (2.8%) | 601 Sales Revenue (2.3%),UNFAVORABLE
2023-09-01,REVENUE,-7926100.529999999,602,Sales Revenue,-7976942.85,86.1129562113344,602 Sales Revenue (86.1%) | 601 Sales Revenue (7.2%) | 604 Sales Revenue (6.7%),UNFAVORABLE
2023-10-01,REVENUE,-8132192.73,602,Sales Revenue,-9228721.56,89.3801235942715,602 Sales Revenue (89.4%) | 604 Sales Revenue (6.6%) | 601 Sales Revenue (4.1%),UNFAVORABLE
2023-11-01,REVENUE,-7618366.85,602,Sales Revenue,-8769690.74,88.39509936293682,602 Sales Revenue (88.4%) | 604 Sales Revenue (6.5%) | 601 Sales Revenue (5.1%),UNFAVORABLE
2023-12-01,REVENUE,-7494819.48,602,Sales Revenue,-8359591.82,90.62512792209625,602 Sales Revenue (90.6%) | 601 Sales Revenue (7.0%) | 604 Sales Revenue (2.4%),UNFAVORABLE
2024-01-01,REVENUE,-7546906.210000001,602,Sales Revenue,-8764508.96,86.68968458010542,602 Sales Revenue (86.7%) | 601 Sales Revenue (12.7%) | 604 Sales Revenue (0.6%),UNFAVORABLE
2024-02-01,REVENUE,-8537780.29,602,Sales Revenue,-9361178.35,91.91524490707806,602 Sales Revenue (91.9%) | 604 Sales Revenue (4.3%) | 601 Sales Revenue (3.8%),UNFAVORABLE
2024-03-01,REVENUE,-9478969.420000002,602,Sales Revenue,-8638797.14,91.13645964267705,602 Sales Revenue (91.1%) | 601 Sales Revenue (6.4%) | 604 Sales Revenue (2.5%),UNFAVORABLE
2024-04-01,REVENUE,-8490091.819999998,602,Sales Revenue,-7925104.72,91.87141119652618,602 Sales Revenue (91.9%) | 601 Sales Revenue (7.3%) | 604 Sales Revenue (0.8%),UNFAVORABLE
2024-05-01,REVENUE,-9772195.34,602,Sales Revenue,-9487469.47,97.08636739142385,602 Sales Revenue (97.1%) | 604 Sales Revenue (2.8%) | 601 Sales Revenue (0.1%),UNFAVORABLE
2024-06-01,REVENUE,-8182499.0200000005,602,Sales Revenue,-7745502.49,92.19919398587048,602 Sales Revenue (92.2%) | 604 Sales Revenue (6.5%) | 601 Sales Revenue (1.3%),UNFAVORABLE
2024-07-01,REVENUE,-9812672.83,602,Sales Revenue,-9155108.3,90.98190846002773,602 Sales Revenue (91.0%) | 601 Sales Revenue (7.8%) | 604 Sales Revenue (1.2%),UNFAVORABLE
2024-08-01,REVENUE,-10107090.96,602,Sales Revenue,-9468919.1,89.27513742907115,602 Sales Revenue (89.3%) | 601 Sales Revenue (8.4%) | 604 Sales Revenue (2.4%),UNFAVORABLE
2024-09-01,REVENUE,-7948529.02,602,Sales Revenue,-7948529.02,100.0,602 Sales Revenue (100.0%),UNFAVORABLE
2024-10-01,REVENUE,-8774035.38,602,Sales Revenue,-8801853.9,98.431645186718,602 Sales Revenue (98.4%) | 604 Sales Revenue (0.9%) | 601 Sales Revenue (0.6%),UNFAVORABLE
2024-11-01,REVENUE,-6764438.4399999995,602,Sales Revenue,-7265836.79,86.55088046867422,602 Sales Revenue (86.6%) | 601 Sales Revenue (9.7%) | 604 Sales Revenue (3.7%),UNFAVORABLE
2024-12-01,REVENUE,-8025233.62,602,Sales Revenue,-7964971.76,83.70504804917994,602 Sales Revenue (83.7%) | 601 Sales Revenue (8.5%) | 604 Sales Revenue (7.8%),UNFAVORABLE
2025-01-01,REVENUE,-9637635.99,602,Sales Revenue,-9239318.18,95.86705899233698,602 Sales Revenue (95.9%) | 601 Sales Revenue (2.2%) | 604 Sales Revenue (1.9%),UNFAVORABLE
2025-02-01,REVENUE,-8957983.54,602,Sales Revenue,-8741509.86,94.68882052044452,602 Sales Revenue (94.7%) | 604 Sales Revenue (3.8%) | 601 Sales Revenue (1.5%),UNFAVORABLE
2025-03-01,REVENUE,-10001693.25,602,Sales Revenue,-7923162.35,79.21820987661265,602 Sales Revenue (79.2%) | 601 Sales Revenue (20.8%),UNFAVORABLE
2025-04-01,REVENUE,-9908902.120000001,602,Sales Revenue,-9840653.56,94.11186307403825,602 Sales Revenue (94.1%) | 601 Sales Revenue (3.3%) | 604 Sales Revenue (2.6%),UNFAVORABLE
2025-05-01,REVENUE,-8180535.490000001,602,Sales Revenue,-8601212.22,95.33715464320805,602 Sales Revenue (95.3%) | 601 Sales Revenue (4.1%) | 604 Sales Revenue (0.6%),UNFAVORABLE
2025-06-01,REVENUE,-10325468.95,602,Sales Revenue,-8987331.93,87.0404237669031,602 Sales Revenue (87.0%) | 601 Sales Revenue (7.8%) | 604 Sales Revenue (5.2%),UNFAVORABLE
2025-07-01,REVENUE,-9325931.14,602,Sales Revenue,-9451286.13,95.93880474372382,602 Sales Revenue (95.9%) | 604 Sales Revenue (2.7%) | 601 Sales Revenue (1.4%),UNFAVORABLE
2025-08-01,REVENUE,-6817721.9,602,Sales Revenue,-8100050.69,86.33258447141812,602 Sales Revenue (86.3%) | 601 Sales Revenue (12.2%) | 604 Sales Revenue (1.5%),UNFAVORABLE
2025-09-01,REVENUE,-7537122.84,602,Sales Revenue,-6783694.34,90.00376515025725,602 Sales Revenue (90.0%) | 601 Sales Revenue (7.0%) | 604 Sales Revenue (3.0%),UNFAVORABLE
2025-10-01,REVENUE,-8543129.62,602,Sales Revenue,-9119710.61,91.07117160890282,602 Sales Revenue (91.1%) | 604 Sales Revenue (7.3%) | 601 Sales Revenue (1.6%),UNFAVORABLE
2025-11-01,REVENUE,-8796003.97,602,Sales Revenue,-8980316.51,97.9888707006641,602 Sales Revenue (98.0%) | 601 Sales Revenue (1.9%) | 604 Sales Revenue (0.1%),UNFAVORABLE
2025-12-01,REVENUE,-10589119.209999999,602,Sales Revenue,-9611169.76,90.7645817314394,602 Sales Revenue (90.8%) | 604 Sales Revenue (5.5%) | 601 Sales Revenue (3.7%),UNFAVORABLE
2026-01-01,REVENUE,2148259.140000002,601,Sales Revenue,1458723.1400000001,62.97880433974971,601 Sales Revenue (63.0%) | 602 Sales Revenue (33.4%) | 604 Sales Revenue (3.6%),FAVORABLE
2026-02-01,REVENUE,541419.6099999993,602,Sales Revenue,1031597.0299999993,65.50668842295933,602 Sales Revenue (65.5%) | 604 Sales Revenue (32.8%) | 601 Sales Revenue (1.7%),FAVORABLE
2026-03-01,REVENUE,-443097.8399999989,601,Sales Revenue,1945525.7400000002,44.88829517299603,601 Sales Revenue (44.9%) | 602 Sales Revenue (37.1%) | 604 Sales Revenue (18.0%),UNFAVORABLE
2026-04-01,REVENUE,644374.1900000015,602,Sales Revenue,995611.7700000014,63.728029523881816,602 Sales Revenue (63.7%) | 604 Sales Revenue (29.4%) | 601 Sales Revenue (6.9%),FAVORABLE
2026-05-01,REVENUE,957307.8600000001,604,Sales Revenue,938952.26,64.34466906025473,604 Sales Revenue (64.3%) | 602 Sales Revenue (18.5%) | 601 Sales Revenue (17.2%),FAVORABLE
2026-06-01,REVENUE,2006670.07,604,Sales Revenue,865318.1599999999,43.122094306215466,604 Sales Revenue (43.1%) | 602 Sales Revenue (34.0%) | 601 Sales Revenue (22.8%),FAVORABLE
2026-07-01,REVENUE,2037066.3299999996,602,Sales Revenue,1513140.5999999996,74.28037947100131,602 Sales Revenue (74.3%) | 601 Sales Revenue (19.8%) | 604 Sales Revenue (5.9%),FAVORABLE
2026-08-01,REVENUE,4965988.28,602,Sales Revenue,6145215.37,83.90011121747553,602 Sales Revenue (83.9%) | 601 Sales Revenue (14.1%) | 604 Sales Revenue (2.0%),FAVORABLE
2026-09-01,REVENUE,7913979.170000001,602,Sales Revenue,7122879.24,90.0037653245428,602 Sales Revenue (90.0%) | 601 Sales Revenue (7.0%) | 604 Sales Revenue (3.0%),FAVORABLE
2026-10-01,REVENUE,8970286.27,602,Sales Revenue,9575696.31,91.07117180914011,602 Sales Revenue (91.1%) | 604 Sales Revenue (7.3%) | 601 Sales Revenue (1.6%),FAVORABLE
2026-11-01,REVENUE,9235804.26,602,Sales Revenue,9429332.42,97.98887078960465,602 Sales Revenue (98.0%) | 601 Sales Revenue (1.9%) | 604 Sales Revenue (0.1%),FAVORABLE
2026-12-01,REVENUE,11118575.27,602,Sales Revenue,10091728.35,90.76458183657195,602 Sales Revenue (90.8%) | 604 Sales Revenue (5.5%) | 601 Sales Revenue (3.7%),FAVORABLE
